Extrinsic ID,Date,Block,Hash,From,To,Value,Result
711625-2,2021-11-24 02:49:54,711625,0xba4980cefb50dc3d49734caf5f4910a5f9576e54459bec2e01b92e83cd6f2a40,ZtbS4kZo6BjjqSPZLo9eFgy7c5q1qeR6WmNZPDtgRd8isb9,b9fT5KG8xskFTq2mW6BpGE8vjqV4emWsLzFW77YeZeqhRhp,0.209715,true
711625-3,2021-11-24 02:49:54,711625,0x7ade6da5c3db5c00b2c473e67e17c1d68ca23f76f72465271473841585e6a722,ZtbS4kZo6BjjqSPZLo9eFgy7c5q1qeR6WmNZPDtgRd8isb9,bYyt5edmkqje4djcUVp4g2PBBEZnTfta4124VAYtzaFDR6i,0.297097,true
711625-4,2021-11-24 02:49:54,711625,0xf41440c88f6262b727ee5fa2ac13a54694a4f4cfc7778bf0d09fff5965fe14d2,ZtbS4kZo6BjjqSPZLo9eFgy7c5q1qeR6WmNZPDtgRd8isb9,WyxRor4728SBekUxziCA5J4qpv3q3VMRhBpp1i3ZYE58bwY,0.743737,true
711625-5,2021-11-24 02:49:54,711625,0x2f585b8c354187eced1ed8c79b935fa080d692d28d17d0bae00fe8bce24c80ab,ZtbS4kZo6BjjqSPZLo9eFgy7c5q1qeR6WmNZPDtgRd8isb9,Yo9mxjWtiekceiqjEjoVocnsN8GLuiNKxAeFt9aR3DjFVTm,1.199397,true
711625-6,2021-11-24 02:49:54,711625,0x5f9744637175e5ac7af5dbe93ef4161faa55157fc492c1a9cd34ac73845d414c,ZtbS4kZo6BjjqSPZLo9eFgy7c5q1qeR6WmNZPDtgRd8isb9,ZHe3G88DscwHPjY57bMjW9zwL6aKYvi2Ej7pYQvVMoUPNvy,0.18478,true
711625-7,2021-11-24 02:49:54,711625,0xa955ab2deadff465a23556f31074b46ce8dee5f3744b9203b50300eb83ccfade,ZtbS4kZo6BjjqSPZLo9eFgy7c5q1qeR6WmNZPDtgRd8isb9,atJtNoSrbaBtGox5U622XWLSnq2ZMJ45eY2q4hNmK4kQH3U,0.107013,true
711625-8,2021-11-24 02:49:54,711625,0x92e77c6aa8b54021eef02ae059d89be0930b64080803aede8af58f43a2158fcf,ZtbS4kZo6BjjqSPZLo9eFgy7c5q1qeR6WmNZPDtgRd8isb9,auqCDWDUwuV4MUwk2SaX15WuG2RGYFr5yShBhFBYPeJpCah,0.314617,true
711625-9,2021-11-24 02:49:54,711625,0x21984adcfc7227813f6286fc4effbd3039050c7d018c98f6b5da3ed4671b75df,ZtbS4kZo6BjjqSPZLo9eFgy7c5q1qeR6WmNZPDtgRd8isb9,bbxViFyThWBFEeaGokMRUUdNeM973soVeQPX45PB6pdGXGx,0.321038,true
711625-10,2021-11-24 02:49:54,711625,0xb0c7be83235031fd0f1113c448e49c23d338c2ef50af87040a16390f593f70a4,ZtbS4kZo6BjjqSPZLo9eFgy7c5q1qeR6WmNZPDtgRd8isb9,a2ap9iXcUuJFez6BbaNNGy1PfdjCCybv1uatmepRbrBLZjz,0.468292,true
711625-11,2021-11-24 02:49:54,711625,0x9f9f06a455592ac769afa47eb06b78354bfe86bec2568c879e8fdf60d8633d25,ZtbS4kZo6BjjqSPZLo9eFgy7c5q1qeR6WmNZPDtgRd8isb9,a5xB5NHY1XRAujpWnTrxqntoYCPc65GG8iSnrYqeuxas3to,1.061823,true
711625-12,2021-11-24 02:49:54,711625,0x6e0863a64543ef525dbe739debd1a6f4abc79a6bcbdeabf0047283da40557aea,ZtbS4kZo6BjjqSPZLo9eFgy7c5q1qeR6WmNZPDtgRd8isb9,aUZcnK6UrqsNVeXu3G7w5TaE2aXdSYs36JeH3xTti4hBGLk,0.530912,true
711624-2,2021-11-24 02:48:48,711624,0x1233db8a9d528449ec98a6f1f048481ee5bbe9a476a8543a09606201c90c2b63,ZtbS4kZo6BjjqSPZLo9eFgy7c5q1qeR6WmNZPDtgRd8isb9,b97gwW4FZ7rGH56pF7EaAPKVgTjTSaoC5tVfQuhdeU3bf4f,24.980594,true
711624-3,2021-11-24 02:48:48,711624,0x9f0760e8698a9f5a948278b5cff65c93deb5b6b4e8d9b1ec161d327c47bec073,ZtbS4kZo6BjjqSPZLo9eFgy7c5q1qeR6WmNZPDtgRd8isb9,aep6q5i9mk4TDGVd2onxW14LsSBst3BWEbche7exiq4mGmK,0.819251,true
711624-4,2021-11-24 02:48:48,711624,0x916b3d6753c689ea38d292024aed9ae505ffbfdb7b7b739d9c27688b8c0ff8c3,ZtbS4kZo6BjjqSPZLo9eFgy7c5q1qeR6WmNZPDtgRd8isb9,XD82paKQAEccwsuKyeLTTXKTSPURKAwY3Fnnd8CiDWFVCvA,2.313608,true
711624-5,2021-11-24 02:48:48,711624,0x1efe3eb651ea3289f2fa6a3735dd41bbd2f5cdbe2ce300269734125f540f708e,ZtbS4kZo6BjjqSPZLo9eFgy7c5q1qeR6WmNZPDtgRd8isb9,YqnVq4SPvYioyZRgkQs1GkKYwGLsgmZfngRVf3ugtoqAdbX,0.256498,true
711624-6,2021-11-24 02:48:48,711624,0x161b3fe00683a29ddb6dcb64e88b6005a9ae6b2b4a997f0372854d3248c69bbc,ZtbS4kZo6BjjqSPZLo9eFgy7c5q1qeR6WmNZPDtgRd8isb9,aq7xRnzb2AVLuSCpkVQLBqwjhPxQntEadD9Q1WT2zgFi3NS,0.362969,true
711622-2,2021-11-24 02:47:48,711622,0x2a42bcf26bc80a66e8fce1dd0657c1977f0e3015ca77de74fe7df0342c1a7214,ZtbS4kZo6BjjqSPZLo9eFgy7c5q1qeR6WmNZPDtgRd8isb9,bTeJ5Qydc2C9Q5iKJ5DKcWkMPn2rXATjZHcUVt59xwptA8k,0.332718,true
711622-3,2021-11-24 02:47:48,711622,0x5efba656bc60aa49fb625426b76c745e8907833fb2fd3fb0ef61992288e21355,ZtbS4kZo6BjjqSPZLo9eFgy7c5q1qeR6WmNZPDtgRd8isb9,bTsu9h8wBpmNeBqieyeMjNkVnHQzbnfEKGFEgTLxWTraNfC,33.547908,true
711622-4,2021-11-24 02:47:48,711622,0xef06b8021d50126a57bbf80f42f2d4a31ff4ac8e22f58f9f13392401a3d67138,ZtbS4kZo6BjjqSPZLo9eFgy7c5q1qeR6WmNZPDtgRd8isb9,bTybxx2k3Y4uN6b3E1PNEwpXQsmB89CWT3AbhbfNCzzLxUg,0.532348,true
711622-5,2021-11-24 02:47:48,711622,0xba64d241f4917c5ce3689a8648ddb0b06b812263a32bac56c12d3ca540950331,ZtbS4kZo6BjjqSPZLo9eFgy7c5q1qeR6WmNZPDtgRd8isb9,bUDq6Z1o1hPhzKqDBUUR4j3XKc3HfLzJfFdyfaj6QoELwsN,23.015735,true
711622-6,2021-11-24 02:47:48,711622,0x08f2816cfe7a0c2aee56450f083f84f5555d4d0c4886a7f0fd9b78e972146ff1,ZtbS4kZo6BjjqSPZLo9eFgy7c5q1qeR6WmNZPDtgRd8isb9,bULYjAjDVwAwmbBBkFgnUBXYRKm98LEpKbZ7QtrXJvoWEvN,1.191129,true
711622-7,2021-11-24 02:47:48,711622,0xada6d9f7bd304666a09a69ce2f2d411b3a1fe10483122078b6abc000c21ac247,ZtbS4kZo6BjjqSPZLo9eFgy7c5q1qeR6WmNZPDtgRd8isb9,bVsRszEJ6UQhq3wTyR6CoSc9EnVXpwBauP59PabbpgK5qsA,23.223141,true
711619-2,2021-11-24 02:47:12,711619,0x5a841cf02fdebf371b911ad74110ffc24ac6e0dc9b89318a483784f02dc4e1ce,ZtbS4kZo6BjjqSPZLo9eFgy7c5q1qeR6WmNZPDtgRd8isb9,bL1YWTp87zCcCQvDNdg775ZcPmz3dzj79YtGEan2Aeoq3Y1,3.387064,true
711619-3,2021-11-24 02:47:12,711619,0x0f85e534f9ca69e4c96e3ac758db3e24aa4738d4756ee8e672613e7725e34854,ZtbS4kZo6BjjqSPZLo9eFgy7c5q1qeR6WmNZPDtgRd8isb9,bL2CEy21cTPhT5XogKuzZGPXosp53f6YUmetxDf8cHo9ay4,0.600102,true
711619-4,2021-11-24 02:47:12,711619,0x332c4ec7635f9b812d5cb9355ab46270526c58e71a15d2df0d4cf00253c7cb9c,ZtbS4kZo6BjjqSPZLo9eFgy7c5q1qeR6WmNZPDtgRd8isb9,bLFmXXPBmfTCjyNHyWyHYViBKJb7wYVXoEb8VqGXvWdzp5U,6.78963,true
711619-5,2021-11-24 02:47:12,711619,0xbabb0b879ded74d2eed8973dd53fa1645e12e0b85f5187b80c42698abd1c87ed,ZtbS4kZo6BjjqSPZLo9eFgy7c5q1qeR6WmNZPDtgRd8isb9,bLS4AXmmFSVnXWauycZqW8c3cZLFU71eXtTSRSfrZoQDChQ,1.832764,true
711619-6,2021-11-24 02:47:12,711619,0x1ad5dc938d66567d3b8cd1804502485a96bca9e0b95c55b0ce9fc8990d783fdd,ZtbS4kZo6BjjqSPZLo9eFgy7c5q1qeR6WmNZPDtgRd8isb9,bMe7xAVsReGSkAPjthde151wZ3EcBtyQUXKPAGYRTf9QbSS,0.665435,true
711619-7,2021-11-24 02:47:12,711619,0x9a82ab1f5229d18560dcca545564437cf20d9e030e7816fe05a1ba9a8f63df6e,ZtbS4kZo6BjjqSPZLo9eFgy7c5q1qeR6WmNZPDtgRd8isb9,bMi1hNtB7euCNNbvrvtLQWJxTHUuSPrzpnFw76pkhGU7JZU,0.615992,true
711619-8,2021-11-24 02:47:12,711619,0xf6eacaf2ff6dfbf8e786fe2287dec4d8fdf74091d98ab76a29774404e3e87e74,ZtbS4kZo6BjjqSPZLo9eFgy7c5q1qeR6WmNZPDtgRd8isb9,bMzk8JW12iwnyQVFEF91SZmCpEMoARTsdzzydHqaaTkziZS,0.505731,true
711618-2,2021-11-24 02:47:00,711618,0xb591a7e37de64a588d23adbde4a6f5ff154783fc08e2ca2541350ff416716f81,ZtbS4kZo6BjjqSPZLo9eFgy7c5q1qeR6WmNZPDtgRd8isb9,bFDbZvhBn35Asim2Fi5aV8HfCRNwQgDS4Vqf26qCQxcZsjU,12.120376,true
711618-3,2021-11-24 02:47:00,711618,0x4ce4a4115e5be8c83b1718734f946655884a716b14295fc32e2aeaba20cbc19b,ZtbS4kZo6BjjqSPZLo9eFgy7c5q1qeR6WmNZPDtgRd8isb9,bFJfPywKeJwiX2m9tjkPKHcVj6r8CZu6y43AYTVcH8pmKwG,9.981526,true
711618-4,2021-11-24 02:47:00,711618,0x7d98b59f96518ddbcf683d93227259a3a441337819d1d69ebb7ce3f13709da88,ZtbS4kZo6BjjqSPZLo9eFgy7c5q1qeR6WmNZPDtgRd8isb9,bFbx867ozpfyvAruAu2Sg2zL4AoR5YGBD9fF3WuNW6SJVBE,0.38928,true
711618-5,2021-11-24 02:47:00,711618,0x06a1c36514d1da16c205d2bbbedac86ca841408b7133cb15cb64ab4dbfc2d4c0,ZtbS4kZo6BjjqSPZLo9eFgy7c5q1qeR6WmNZPDtgRd8isb9,bHsYgVwCaBEoaPUWdsafEwi4QDs4bu8awexV9XgKihsZjcv,59.932408,true
711618-6,2021-11-24 02:47:00,711618,0x76414609c3919d3585d8f0f12a6c035beba91e4a778c8c204d7ef70a8f215ab7,ZtbS4kZo6BjjqSPZLo9eFgy7c5q1qeR6WmNZPDtgRd8isb9,bHubqGBatbgEubC3v7LiCNcmp6cMobWJpJXSXk1L7VdHmr8,21.49688,true
711617-2,2021-11-24 02:46:48,711617,0xa59958f79ec74a492942d70253ef83b4e166293c3ab7092cee99099f16e90262,ZtbS4kZo6BjjqSPZLo9eFgy7c5q1qeR6WmNZPDtgRd8isb9,bCNLCtuQnTQHY4SQfZN8ECPVjmnwgzx39n7SScXaYgGFdoA,3.327175,true
711617-3,2021-11-24 02:46:48,711617,0x4f3744c6cbe2f243d9d620aca7057620327200f6af661a3715deeb2db1c67380,ZtbS4kZo6BjjqSPZLo9eFgy7c5q1qeR6WmNZPDtgRd8isb9,bCe9JkrNwrrQ7HuLKmhBbXvjervLwZSGAwu79ngH7GKXnzR,0.607442,true
711617-4,2021-11-24 02:46:48,711617,0x108d5ab378badbcbbce687c321237f1642ef298943343a670c1654d17a46abf5,ZtbS4kZo6BjjqSPZLo9eFgy7c5q1qeR6WmNZPDtgRd8isb9,bEDpNdhRR7Be4VK459QH8FTYwW7AvxBdbEx5HkTY5A3FBqr,4.065808,true
711617-5,2021-11-24 02:46:48,711617,0x530c39c2393c96cd9669a79a32f4ad9e6fdf3bb1430aebc4cde6e3a217bf7f68,ZtbS4kZo6BjjqSPZLo9eFgy7c5q1qeR6WmNZPDtgRd8isb9,bEswZLVkX6pLyMqViD6jwXfRTuxfAYP2sNjpzqEqMANjoZs,5.642624,true
711617-6,2021-11-24 02:46:48,711617,0xf71e0f6e5ce258a5d1f20d3a8d36e2cddd8eac9ea60dc3906d53244f8bcd51de,ZtbS4kZo6BjjqSPZLo9eFgy7c5q1qeR6WmNZPDtgRd8isb9,bEvKwgVQakqdoCHT2dncrxVc7AZtJKh6eCpLBehKfLmRXib,0.332718,true
711617-7,2021-11-24 02:46:48,711617,0x46d0d69fe548ba188296a92a00178a614c43b971e5378ce6e7074b3ae19b06c9,ZtbS4kZo6BjjqSPZLo9eFgy7c5q1qeR6WmNZPDtgRd8isb9,bF52YMAoqXx2c82WjKvfmBKjBU1s2VqeYPcwN66UWaE9Jit,0.665435,true
711616-2,2021-11-24 02:46:36,711616,0xdded3371623cdd1cd54031a1a0b9609b937315f2819cf464aba75697897706d2,ZtbS4kZo6BjjqSPZLo9eFgy7c5q1qeR6WmNZPDtgRd8isb9,b7YKxJqaedHMS3KmPEUbEAeWocE1CnjFKUHxGAk1ajPEcHM,1.069102,true
711616-3,2021-11-24 02:46:36,711616,0x2f0ce293c852664e06d4fbd15552739df92abe14d77f61e59871920e6c9651f3,ZtbS4kZo6BjjqSPZLo9eFgy7c5q1qeR6WmNZPDtgRd8isb9,b9aGKqgox2nBrmUknhLXXnkhD1tDjjGMYPqJ2j1zjXSr9pV,0.377634,true
711616-4,2021-11-24 02:46:36,711616,0xbf0a04859e67707f15af150a4b8877dde5e5148ef50a5025b5e82b140c169153,ZtbS4kZo6BjjqSPZLo9eFgy7c5q1qeR6WmNZPDtgRd8isb9,b9knvb8ZoUGTjzhFmfud1nMZRTB3VJ6pjNpvVMD27YJRei8,12.695748,true
711616-5,2021-11-24 02:46:36,711616,0x3bb65c86277a1a8c8c633c81bef4a3641062c2d82196fcf31883ba19c7def1db,ZtbS4kZo6BjjqSPZLo9eFgy7c5q1qeR6WmNZPDtgRd8isb9,b9tRH9HWmZgvACdmCPcwbMPu8WxawaCVJkhqpCtAXNfhYtX,0.332718,true
711616-6,2021-11-24 02:46:36,711616,0x2db1ebc37c062f1178f03479e8885ebeddeb49dc03d3147ccf268e41a4a23f9d,ZtbS4kZo6BjjqSPZLo9eFgy7c5q1qeR6WmNZPDtgRd8isb9,bBmGfKGK8SRGMEKimxzEpyL9dcXaG3dBw2w2GFA6wQ7Vrum,3.353793,true
711616-7,2021-11-24 02:46:36,711616,0x2f0db367d71e74ddc953c5faa5bf4c98b6a1d6ccdd403c92f3449c8edf6899f7,ZtbS4kZo6BjjqSPZLo9eFgy7c5q1qeR6WmNZPDtgRd8isb9,bC5Fwiefdbwcy7YLcf3Eb8wcRpZiLpFjSEK63W7nedVXZxh,0.349353,true
711615-2,2021-11-24 02:46:24,711615,0xe14fb547e745eeeddb7a394fa28fbf75bd7e20de82bb06305a315982b3bc5124,ZtbS4kZo6BjjqSPZLo9eFgy7c5q1qeR6WmNZPDtgRd8isb9,b1Mq8q3WW22psA7SuMUZAZ5PTBbx5iarGrTJk2Ckzjvo8jT,0.356008,true
711615-3,2021-11-24 02:46:24,711615,0x48da28ff5adcf7b786f23909131012b8063409478bb22a28ad7b8abe14728cf4,ZtbS4kZo6BjjqSPZLo9eFgy7c5q1qeR6WmNZPDtgRd8isb9,b1y1QJLD2xVPQjYtmPHPA5kcrTh3EDid7j8BZHdPy4jnFjS,2.127957,true
711615-4,2021-11-24 02:46:24,711615,0xd236ca71a7e9575aa7a80c4805fda0e4b3e213b03b438d827e58cb3ad77b1f8c,ZtbS4kZo6BjjqSPZLo9eFgy7c5q1qeR6WmNZPDtgRd8isb9,b2AGieg2dGxVvFX8uPdJzLoiHHq4Lj8NA3itSHSBLBLFsvo,3.124218,true
711615-5,2021-11-24 02:46:24,711615,0x7ff718e1f9ed6c7e8dbc4699f01af33742062372322b69ad02c563da551afe10,ZtbS4kZo6BjjqSPZLo9eFgy7c5q1qeR6WmNZPDtgRd8isb9,b49pUAMgek5HePmC8dMWCgrhVUFkzKXy6P4UinF9Wnwnwxt,0.332718,true
711615-6,2021-11-24 02:46:24,711615,0x50cda7a058d317bd81658a2c7e5dc4e5eda7b91f51f01f73d9dfdf0b240aea77,ZtbS4kZo6BjjqSPZLo9eFgy7c5q1qeR6WmNZPDtgRd8isb9,b4RfDSNQmWmbA4NTK3k8y1AqzXEMfhzPkZj7J9kRDfgLsqx,6.155274,true
711615-7,2021-11-24 02:46:24,711615,0x576cc85c01776d74989c8a681ea00eb483e5c306a2be8b415cbbcd7a2339ec9a,ZtbS4kZo6BjjqSPZLo9eFgy7c5q1qeR6WmNZPDtgRd8isb9,b6WAzvVW3igNUxKgRtQx4E8JLRS9KdJiF5hmZCjckE5xSFP,1.471721,true
711614-2,2021-11-24 02:46:12,711614,0x15bda31241c3229bd9be76bf912873d4961175d4cd060ef3e1a3bfe8ab670e9e,ZtbS4kZo6BjjqSPZLo9eFgy7c5q1qeR6WmNZPDtgRd8isb9,ay6pxiv93UqrSooZ1jqtNKJnA8yiVtuYycyUgQwLu6TFFNg,2.688358,true
711614-3,2021-11-24 02:46:12,711614,0x37e28bf8dc769a7593f40a6cd1217ad8001e55064b17032dda71b4b71e8ec401,ZtbS4kZo6BjjqSPZLo9eFgy7c5q1qeR6WmNZPDtgRd8isb9,ayDqP5hnd4KTWtvqopUVYiNkvGNaubKKJgAmZxDQpCW5TBW,0.432533,true
711614-4,2021-11-24 02:46:12,711614,0x3c40b56ba11f6d83f941fa3fdb194c3da5a023a1cab2a15b4ce5ca4e7d5ebbfa,ZtbS4kZo6BjjqSPZLo9eFgy7c5q1qeR6WmNZPDtgRd8isb9,ayUMbHi6cAuTKSKSPNwRys91PndpqUWXSXGiY9B5nRfDmhs,0.332718,true
711614-5,2021-11-24 02:46:12,711614,0x1bcff6aed6c014e7f4b8a40622f2f1c755f382ce60da4227d03e3127c0720d48,ZtbS4kZo6BjjqSPZLo9eFgy7c5q1qeR6WmNZPDtgRd8isb9,ayfhRN7demZsEeW3Yptk2g5tDUWqfCBQYKKZRcuBSRqrnaF,0.665435,true
711614-6,2021-11-24 02:46:12,711614,0x59d4996888f3c1e8a016c8c38ed74edaa7e6ca8b37b3bcc023447f9bd662bd35,ZtbS4kZo6BjjqSPZLo9eFgy7c5q1qeR6WmNZPDtgRd8isb9,b17UiQZemqj3sX5cAR5n4oSP84mGgqfSRAEwiTTHagHtQ9A,3.99261,true
711614-7,2021-11-24 02:46:12,711614,0x66b9ce6992ab20797d12fb3fa2f6090080d79bc53bf9c88a18f956c6f44688e2,ZtbS4kZo6BjjqSPZLo9eFgy7c5q1qeR6WmNZPDtgRd8isb9,b1J3f4nWceuustcpzBMYN9GBt2wRtTuHiPGZ1gWyttixbuo,0.38928,true
711613-2,2021-11-24 02:46:00,711613,0xd4fa37fb852f72bba19f891a11d4ea6b08ec77c4fce79be03b8ffbfe148eaa8d,ZtbS4kZo6BjjqSPZLo9eFgy7c5q1qeR6WmNZPDtgRd8isb9,avidf7HywZeEqQG7zSnje3rhmd9opijktEQZdouX8tE8Lao,0.332718,true
711613-3,2021-11-24 02:46:00,711613,0xcbb3898570f6707628db7272f2a459763632617a34d6028234c991c56f4e39d5,ZtbS4kZo6BjjqSPZLo9eFgy7c5q1qeR6WmNZPDtgRd8isb9,axTmeSXHXxmJNSA4KhuNLbfvcgCjWwC1EpKb2Ht9E4R1Rb1,0.942434,true
711613-4,2021-11-24 02:46:00,711613,0x91dec6c3df62df9f1a2f17d717fc11f6391af1ff9c643cef8758b83cf90dbfaf,ZtbS4kZo6BjjqSPZLo9eFgy7c5q1qeR6WmNZPDtgRd8isb9,axUsMNcQXWbf9zpPj4zDH3UZc4xy28yDHyGnUfavd7eD5qc,1.530501,true
711613-5,2021-11-24 02:46:00,711613,0x6ef2d83c4b638d28d568834a24e58bd1e9297ab1e43e8d630a8638019ac33c91,ZtbS4kZo6BjjqSPZLo9eFgy7c5q1qeR6WmNZPDtgRd8isb9,axcmGRtLCQupxPfM2k8BaCRKBjwrrRdTQZ42UsSvghS2wKg,3.869505,true
711613-6,2021-11-24 02:46:00,711613,0xd166a6fd237cbcbdc1bc1614a9c3a2d77c805a013c1ff0e13a6a5c1f085f8c97,ZtbS4kZo6BjjqSPZLo9eFgy7c5q1qeR6WmNZPDtgRd8isb9,axjPybyuNPKFxt3bhqAL7qujmjXqPBCapQYbshcjVnkGTRi,1.33087,true
711613-7,2021-11-24 02:46:00,711613,0x205155cae60537f3f61a11d96bdeac943508bd2e92f18b3ff4a67ce54fd94b26,ZtbS4kZo6BjjqSPZLo9eFgy7c5q1qeR6WmNZPDtgRd8isb9,ay6htJwYtJ3iBQpKR6r5u8keZfZhEC1WXscbvuAhvbDbp8j,0.688725,true
711612-2,2021-11-24 02:45:48,711612,0x41569f47e4326a2e12eb39f55a3f93a7208febe2b0a21de9d5bc33dfdf07313e,ZtbS4kZo6BjjqSPZLo9eFgy7c5q1qeR6WmNZPDtgRd8isb9,av3C6jktTP13UUkDpjdQYxauBrVSJceDfqGBRpKr12bDej6,0.336045,true
711612-3,2021-11-24 02:45:48,711612,0xd0c268b7c58b0925d96af0332e26f94f3b3dce52e750ff8356e8551c8fcdf5b9,ZtbS4kZo6BjjqSPZLo9eFgy7c5q1qeR6WmNZPDtgRd8isb9,av6AYeM556wzE6ct1RKyCfTnZNXCfhWuxc93PVo7BWmXsMW,3.814274,true
711612-4,2021-11-24 02:45:48,711612,0xb8966e388c0290d6ec8abc8d8193b5ac2684625b7d350770dd1d8ee992ee60d4,ZtbS4kZo6BjjqSPZLo9eFgy7c5q1qeR6WmNZPDtgRd8isb9,avMYiXtGgdZjDhYHs1wYo1fhGYvG9JGEwuw3TV7jHaPTzhP,0.426489,true
711612-5,2021-11-24 02:45:48,711612,0xffe8113ad6d0d8bfb284ec9f7791814883b0276d361a793f32e6ced805af2afc,ZtbS4kZo6BjjqSPZLo9eFgy7c5q1qeR6WmNZPDtgRd8isb9,avarGGVguRSEWWab9m5ikn6YKcS3otK4zfQzyBA6noLUan1,52.822222,true
711612-6,2021-11-24 02:45:48,711612,0x28d5bbf2ef1be118ab98666a95b72a6c3b3c23160f3d386119b043d018e25c33,ZtbS4kZo6BjjqSPZLo9eFgy7c5q1qeR6WmNZPDtgRd8isb9,avgnqQcGS4GCjkYQtTgdYcwLab1kJ8LZxJ1hfbhdRX5GQMg,1.496225,true
711611-2,2021-11-24 02:45:36,711611,0x8a7dab2a78449cb29d103b7be9a4790d40410ae44f1975e9a2154d91be3dafdb,ZtbS4kZo6BjjqSPZLo9eFgy7c5q1qeR6WmNZPDtgRd8isb9,aqKmP3gCPva83is48SqvijuMVvZJoDGbHRxKo6A4bCrcPcX,0.598892,true
711611-3,2021-11-24 02:45:36,711611,0x39df6b37a4c2678ed8ef90441506aee90bdcedf285bbb1ae4db67f8b7e18cd0f,ZtbS4kZo6BjjqSPZLo9eFgy7c5q1qeR6WmNZPDtgRd8isb9,aqMnapwNPeLx6Mx68Uzm1wcgTq7vxYF2cDys9nu9NgmgDSn,3.527074,true
711611-4,2021-11-24 02:45:36,711611,0xdd1fe6c8765b2baa2b613d1a70a1fecefaa3e82c27da8883a7aa565a0e543dae,ZtbS4kZo6BjjqSPZLo9eFgy7c5q1qeR6WmNZPDtgRd8isb9,aqeZKeX61ESNoMTm4SHQq7y8kZLucJ8o3jSFe2iojdWp4qN,0.665435,true
711611-5,2021-11-24 02:45:36,711611,0x3cfcf54b8a5f5a2233775ca72a5281390e37cc3f7b7602918e11f08a96072e8e,ZtbS4kZo6BjjqSPZLo9eFgy7c5q1qeR6WmNZPDtgRd8isb9,asumoSqFbwx9AZ1cubAvSQSsUtfP15PeqfykYW5MJBAsxxt,0.598892,true
711611-6,2021-11-24 02:45:36,711611,0xb2827bcf427531e30ca5f418a0824911dda5816d49594f8be3d916982457e282,ZtbS4kZo6BjjqSPZLo9eFgy7c5q1qeR6WmNZPDtgRd8isb9,atGk73RPAgLkA9cPyM23xRcVmRLrjYB2ksH14VNp3jtaq8E,2.556073,true
711611-7,2021-11-24 02:45:36,711611,0x7a61aa2a032e5695544961a47ab750dbeefb359f204d23050bf6a177a1c25684,ZtbS4kZo6BjjqSPZLo9eFgy7c5q1qeR6WmNZPDtgRd8isb9,atMCcEvxxn7Er9pCjNp54g8DvfVtsQiwtnoXbvUEdDKKiw9,17.799289,true
711610-2,2021-11-24 02:45:24,711610,0x3bc42e0b52b20f01817bb5ad901a9e592be30f8623d47c7d26c1b9112212a835,ZtbS4kZo6BjjqSPZLo9eFgy7c5q1qeR6WmNZPDtgRd8isb9,ajjtiZ3Z2A5p2wYwFaTQf1Z5qGqaayzRGdcwPxTabV3Ker2,0.399261,true
711610-3,2021-11-24 02:45:24,711610,0x723811d7ae7e0fe4a6e812a27e9339705c7f20b3056876f97e028bc8e46f91dd,ZtbS4kZo6BjjqSPZLo9eFgy7c5q1qeR6WmNZPDtgRd8isb9,ajnmRExmbjGKJYpoS1jKiBVqUQN59WEPnb3dC6Jc5DDER4q,1.996305,true
711610-4,2021-11-24 02:45:24,711610,0xf8735fbe0a361965030d786854861c982c92616fb598fbcf2b3787a9fdc6858a,ZtbS4kZo6BjjqSPZLo9eFgy7c5q1qeR6WmNZPDtgRd8isb9,amy1tVCHjkwysFi2gVwo1AAZygUQALGPEHJc63J474Suchf,16.21998,true
711610-5,2021-11-24 02:45:24,711610,0xf8eff821b2c9bd6bd13ecf5f8c34279d446990c58e05ce2d69b50610d62a3362,ZtbS4kZo6BjjqSPZLo9eFgy7c5q1qeR6WmNZPDtgRd8isb9,an8QDGUWfxF5tWo3P8LBxP1g9U6sTVgjonPcvCCrN4oR2oT,0.892103,true
711610-6,2021-11-24 02:45:24,711610,0x0f457f7ed8ffd01f4d09a6dc5d3858f0c56b6dcd9c86822b3394f00eb7d1551f,ZtbS4kZo6BjjqSPZLo9eFgy7c5q1qeR6WmNZPDtgRd8isb9,ao7oAXTARF43317VF8PG5rFjkMFMb4awNKq38izMxnv4xaU,3.260632,true
711610-7,2021-11-24 02:45:24,711610,0xfc7edd91a83b79bd80d013770f9d8060608d3fd707784f79ded2a865f0d6201b,ZtbS4kZo6BjjqSPZLo9eFgy7c5q1qeR6WmNZPDtgRd8isb9,apq1AZZc64qSiq4jVmVXxV1CTPzt3zKGm4CVQz75gtwdAzn,0.43303,true
711609-2,2021-11-24 02:45:12,711609,0xf08a9352282bf685d1f768bcef15be157ea0f21460ea2340086c426eb025a5a6,ZtbS4kZo6BjjqSPZLo9eFgy7c5q1qeR6WmNZPDtgRd8isb9,abVLFgSFE3mgM1NAYbWoBLhtiDhpRh8Q9m3Bg7W7xHgL7ND,0.525694,true
711609-3,2021-11-24 02:45:12,711609,0x4e3641342643be27441524b51a37d21c510f24dd89bc0ba7f7afd9822d9587f1,ZtbS4kZo6BjjqSPZLo9eFgy7c5q1qeR6WmNZPDtgRd8isb9,acV7YVUzckzBPsZfcc9TZVxqQjoafDS3BqgL1aPY3tG7fxC,0.447662,true
711609-4,2021-11-24 02:45:12,711609,0xfa3173bbde6e6f498c16b0f03c1cf13546e8208543323ca90c8338e328ce40b9,ZtbS4kZo6BjjqSPZLo9eFgy7c5q1qeR6WmNZPDtgRd8isb9,ae6MNDeNMdo8pJWNraSmUaWxAC5kcrryteY1u4adCPjeRxL,2.069503,true
711609-5,2021-11-24 02:45:12,711609,0xae3c774c515c16c8f6772c157a4da37cb7524f7054ade90f04245db3f9049cc7,ZtbS4kZo6BjjqSPZLo9eFgy7c5q1qeR6WmNZPDtgRd8isb9,aeEL14EsKTSpE5i8xLnzzwypnWvfMBgZKD5ErFHLDHkgJcE,0.647507,true
711609-6,2021-11-24 02:45:12,711609,0x0713ac889b07c49013ec4856ac561cfe09ede73ca0eb4029b920dc2c0195db37,ZtbS4kZo6BjjqSPZLo9eFgy7c5q1qeR6WmNZPDtgRd8isb9,aehZP4qohyPjoY8QL62LR3YKphFhL27RM1Cm2cvfQ9j9fH5,2.66174,true
711609-7,2021-11-24 02:45:12,711609,0xe31e3aa6295d8b792f862d7664ce526e23ff4e97ac3eb95de17c2263dd4565cd,ZtbS4kZo6BjjqSPZLo9eFgy7c5q1qeR6WmNZPDtgRd8isb9,aeiyj3DQH1PBjyux1m64zqcHtahgbAA5pKdemofhkzfQXTL,0.998153,true
711609-8,2021-11-24 02:45:12,711609,0xa05b1771ef550df2d68f24c7f05bceefa2ab19dc0086a270e6bf2e3b2fed2961,ZtbS4kZo6BjjqSPZLo9eFgy7c5q1qeR6WmNZPDtgRd8isb9,agt93BZpb1XwNfk5nFnGftndq3Fme2DiFnzZmPVuwLftbfp,6.354905,true
711609-9,2021-11-24 02:45:12,711609,0xea08669055243772d57d1c1e7ac99f075b63718a5b10586bf2546ffd4b574e37,ZtbS4kZo6BjjqSPZLo9eFgy7c5q1qeR6WmNZPDtgRd8isb9,agvLKsJXqgJtfLHWm5Wti4WBaBqpmDP7KoRP2LwiRJLCdC4,0.205678,true
711609-10,2021-11-24 02:45:12,711609,0x2782f93fd0af6cbdbd494d4390315f25c78b3a98dcfc5ba5febdaa21e9e14628,ZtbS4kZo6BjjqSPZLo9eFgy7c5q1qeR6WmNZPDtgRd8isb9,ah7b7TRYnqMRrTajNgNRZ5r1KBuzN5Vr7M5P7V7BnxeSk3K,0.931609,true
711609-11,2021-11-24 02:45:12,711609,0xe336c289878d7be0f6d62aa4390e79efbb823d8aba8b9bf1cc69f81720f8f59f,ZtbS4kZo6BjjqSPZLo9eFgy7c5q1qeR6WmNZPDtgRd8isb9,ahHK2aknCU8mqjHSPGAVB93Cy99XUgp76ecHc2pG6kTNRjE,0.912669,true
711609-12,2021-11-24 02:45:12,711609,0x28e6f0056476a3e307879b9b8b7a02d9ae876b8c4b718cfff788f068ad75c833,ZtbS4kZo6BjjqSPZLo9eFgy7c5q1qeR6WmNZPDtgRd8isb9,ahSDKG2ByZPLaNhjne3XHn3yjmr4XyzNKqpjER1XvstvtKt,11.478755,true
711609-13,2021-11-24 02:45:12,711609,0xaf77750f178af726a9d0c5dc7e92c212e9698abf960649a64f386c90154ba239,ZtbS4kZo6BjjqSPZLo9eFgy7c5q1qeR6WmNZPDtgRd8isb9,ahuuBraNzXMfujMqPhbJ25DBnYnEAvzyxjXxKc5USNFWzjG,0.622182,true
711608-2,2021-11-24 02:44:48,711608,0x7d299b8ca477b32bb87208a3ecbfcd831dafed5b958598551c445e62e07e2890,ZtbS4kZo6BjjqSPZLo9eFgy7c5q1qeR6WmNZPDtgRd8isb9,aNfw3tfY7GXMnRBgfzfHG4K3P5tfy8FCtovmRSuxLfNf2DE,1.264327,true
711608-3,2021-11-24 02:44:48,711608,0x1f5cfe90f88d888056db658706b797bdd8bca49cfb9a64e2f7ab087e591ab7a7,ZtbS4kZo6BjjqSPZLo9eFgy7c5q1qeR6WmNZPDtgRd8isb9,aPStvis1KoXY3tewhg42V7QpDjAHiKJFCnN6L5CZgVtYExM,0.635494,true
711608-4,2021-11-24 02:44:48,711608,0x7bb84660bf0f0c9e3085871469b952d8e80b0e2877830925cb0b99979be62fbc,ZtbS4kZo6BjjqSPZLo9eFgy7c5q1qeR6WmNZPDtgRd8isb9,aPXP2vjgfFxn6jW7sh8tnAJPXop3zMqhPyEXUm1oU1q19Ta,6.341263,true
711608-5,2021-11-24 02:44:48,711608,0x0ecd6d8181f67b9cab32c52963644a608f0d4d16062ac71176c65d432862b295,ZtbS4kZo6BjjqSPZLo9eFgy7c5q1qeR6WmNZPDtgRd8isb9,aR98ZMFiN8tmjEDrw1tTiDGyxNX2LQrRSNZPbwSmMiAzNkW,0.665435,true
711608-6,2021-11-24 02:44:48,711608,0x48847449439bbb58f72f3f38a36b444eb3eb306aeecbdfa81e33e120fcd3343e,ZtbS4kZo6BjjqSPZLo9eFgy7c5q1qeR6WmNZPDtgRd8isb9,aRT5WAC3DezhhCRJd4oy8aS9WKF74sZXdJ2svygk2FSBzNk,1.996305,true
711608-7,2021-11-24 02:44:48,711608,0xac5cf30a9a6fc3ef6accdda17862e0f8c14b4abb2f68cd88b30c1781ed9e3ab6,ZtbS4kZo6BjjqSPZLo9eFgy7c5q1qeR6WmNZPDtgRd8isb9,aTtQxqntB2ZnfoD5dmfxg9GXoGCGAhsD3KxPnjLTjgrMTVZ,60.714295,true
711608-8,2021-11-24 02:44:48,711608,0x8545c80adb880eb3cdf83934b97b847caeae548c453a91d0c309c47a4dfcf59a,ZtbS4kZo6BjjqSPZLo9eFgy7c5q1qeR6WmNZPDtgRd8isb9,aU4oEcVyDWesxLE1wuhPGwT6t4Km1WnWPEL3mi5yWYaBkGA,384.679576,true
711608-9,2021-11-24 02:44:48,711608,0x2ca3a1a955c28bcb6cd56f77de24a26e99ae6c0d7ec52db229756be2f39ee223,ZtbS4kZo6BjjqSPZLo9eFgy7c5q1qeR6WmNZPDtgRd8isb9,aUcHYWu7woxMybAXbH9jUkemJ7ftdzEvoQy27R9gRqva9nD,0.203394,true
711608-10,2021-11-24 02:44:48,711608,0xd4d7705f6c05c2da7675772c6809ac340b0cdb46da19d0e274d75b13dbdbd527,ZtbS4kZo6BjjqSPZLo9eFgy7c5q1qeR6WmNZPDtgRd8isb9,aVjVRt7M8zdqLfvULEQ4Jm5XWSDLLX576UC5SNnZhGwzT3n,1.999165,true
711608-11,2021-11-24 02:44:48,711608,0xd130e48ce3d8136881fbb2503c690745bf788db0db3e5a2a3b6bc987452b57c9,ZtbS4kZo6BjjqSPZLo9eFgy7c5q1qeR6WmNZPDtgRd8isb9,aWJnnmprdLj9jWb9sR9Pz4UMjiu9uG2pZoDC7uUd8EFiJDH,3.699819,true
711608-12,2021-11-24 02:44:48,711608,0xa3b95287d72bb2e76e69ebf6589a32cae30eb0906cc7f00aa5bc0914e6dfb5fb,ZtbS4kZo6BjjqSPZLo9eFgy7c5q1qeR6WmNZPDtgRd8isb9,aXLPY8BuHVhuwTThDukTmEnd5TjkckRAGKSfGy9ELJWpDRc,10.802189,true
711608-13,2021-11-24 02:44:48,711608,0x7d1792cd6b96a7be19592ac3951be60cbfd5b9761c1b7844710380da41de466c,ZtbS4kZo6BjjqSPZLo9eFgy7c5q1qeR6WmNZPDtgRd8isb9,aYncxx3frCYRZY6yZKyJbLYuGNCBZ3mB7c76v8krnUU15Xf,0.665435,true
711608-14,2021-11-24 02:44:48,711608,0x1921c060acef7880ca6cfd6a5c9f059643d147f86ab7b910c4e5a2b156be07e7,ZtbS4kZo6BjjqSPZLo9eFgy7c5q1qeR6WmNZPDtgRd8isb9,aYtJAJiHv1MUL8LMBWdaUn7byfRi2gMWfn8Bc1FeVBEXTHm,0.399261,true
711608-15,2021-11-24 02:44:48,711608,0x8d3656ddad9811f788405183fbb120be3b06f9de69f04944709eb4f0261f5408,ZtbS4kZo6BjjqSPZLo9eFgy7c5q1qeR6WmNZPDtgRd8isb9,aZYudTxB7vYwskAahk7kb9vGxYqRd9F4ya5cjLoYjaS3yEe,0.419821,true
711608-16,2021-11-24 02:44:48,711608,0x99cc5c01a68e09c0bc57f8414cedfab86c018011efbf48e3018a324c1b459eb8,ZtbS4kZo6BjjqSPZLo9eFgy7c5q1qeR6WmNZPDtgRd8isb9,aZk4DpFuU13DzYZATQBTFnDD4mgdfsTBrsVBZJrrZ39pd6v,3.559625,true
711607-2,2021-11-24 02:44:18,711607,0x852ec633eaf92aad465274b4d597a6392869dac5336ccd3eaa0ee6f23b6da6a0,ZtbS4kZo6BjjqSPZLo9eFgy7c5q1qeR6WmNZPDtgRd8isb9,aFRKpsc9fVTs5BpDzRxv4X1cVKjCC69mCNHPY3wJhYk5NFb,0.451303,true
711607-3,2021-11-24 02:44:18,711607,0x96db51c9b5330c51e11d83351187b62a07b2f12b7131df67f1992b555725a8c8,ZtbS4kZo6BjjqSPZLo9eFgy7c5q1qeR6WmNZPDtgRd8isb9,aFeR3AEPamFLB4csPLCtJPgiT4rEwJTF8MRA1StFv4dPdGZ,2.205917,true
711607-4,2021-11-24 02:44:18,711607,0xf1b61b8dca902dc7e95a7147bb1b2deb2670da274c56ff210fed87f1ff90f23a,ZtbS4kZo6BjjqSPZLo9eFgy7c5q1qeR6WmNZPDtgRd8isb9,aH4sRkzmmuzTDbmGE283W949iQUawPoh56Vjtj2T2XPdCgY,0.761923,true
711607-5,2021-11-24 02:44:18,711607,0x1282995d9bf39a2196e34759c3bb4cef3bab643bad1f9a010ab6dc947c9370ef,ZtbS4kZo6BjjqSPZLo9eFgy7c5q1qeR6WmNZPDtgRd8isb9,aHpdym9N3QHrHPjE4Y4pgHWDHHc43fGBFB37WYf9tuzvwwx,0.060031,true
711607-6,2021-11-24 02:44:18,711607,0x769acd92c17efa92ba0e5de256aabddcbf0da97a286915c8679eeb7d3ab79e4d,ZtbS4kZo6BjjqSPZLo9eFgy7c5q1qeR6WmNZPDtgRd8isb9,aHyZGwB4StyecJe7RevhbBPE2m37fvDrhpMQicj52bjmpKP,3.99261,true
711607-7,2021-11-24 02:44:18,711607,0x1b5b5eacff391f6bd95b5fd1287b32c2c7e2379040e23e933066667cf6fd8fd2,ZtbS4kZo6BjjqSPZLo9eFgy7c5q1qeR6WmNZPDtgRd8isb9,aJA8Kn11G8Zy9v73ht5EUb2WYXeVKihEoVUG4hQmZGtga9R,10.124594,true
711607-8,2021-11-24 02:44:18,711607,0x91baf9d6b37228a96251b12d0880739050d1c1bc82d8c3c759bd8fca17d6a02b,ZtbS4kZo6BjjqSPZLo9eFgy7c5q1qeR6WmNZPDtgRd8isb9,aJJghUXS5z3CLi7PvWxGAz6mXtX2duPWcVGqYei2u3VVNof,0.332718,true
711607-9,2021-11-24 02:44:18,711607,0xa6aae220720c2d5afeef8c46edcace3915f9c9bfb2350a86671435e0205f2839,ZtbS4kZo6BjjqSPZLo9eFgy7c5q1qeR6WmNZPDtgRd8isb9,aL4jMonaLqrgcYRoYBXEsm4Nhu6D74jeFshiTjVmgY7GyXX,0.475786,true
711607-10,2021-11-24 02:44:18,711607,0x557798bf439055f9bde70122791ac0b016fe83fdc963ed88f0e72040f8a5d784,ZtbS4kZo6BjjqSPZLo9eFgy7c5q1qeR6WmNZPDtgRd8isb9,aNbPco8PcokGhocYuAqMfYzF3xhuoh3Yz9K7hCe8Ag9QyMv,1.663588,true
711604-2,2021-11-24 02:43:36,711604,0x08ac9bc7e50b8af81974044e71758893566d29b8d3acea7a6d51f18122bf824d,ZtbS4kZo6BjjqSPZLo9eFgy7c5q1qeR6WmNZPDtgRd8isb9,aA6jbRsrikoHdqCu2cRSqrS3ZT2MEnQSof4MhFvHci8j9a7,0.332718,true
711604-3,2021-11-24 02:43:36,711604,0xa6d08b7788a408b5c9add37d0ea21f3a6614bc10d86ff058d64e692e2f62004b,ZtbS4kZo6BjjqSPZLo9eFgy7c5q1qeR6WmNZPDtgRd8isb9,aBBd7njvq5ydqMSiQCBkcwGgQ2SkjQQ8gXN1KFC9TKkF2oR,0.349353,true
711604-4,2021-11-24 02:43:36,711604,0xceea8d5718c865f8df6a699a6ffa432411e4da61e740af2dfab87a997c8d4725,ZtbS4kZo6BjjqSPZLo9eFgy7c5q1qeR6WmNZPDtgRd8isb9,aBop2izLy3B7BQC4VRcxBWejBeBVcNLfh5eHekXGxUbcUtW,0.365989,true
711604-5,2021-11-24 02:43:36,711604,0x885c95eec6225e3126fd40ff6d75510064b0fd5cd15a77ba350984a45296bbf1,ZtbS4kZo6BjjqSPZLo9eFgy7c5q1qeR6WmNZPDtgRd8isb9,aBykWVoWXMEdvo9BLaoGbRugJdEcQD2MT7C4rqpTV5MaYmc,0.349353,true
711604-6,2021-11-24 02:43:36,711604,0x76c888e52d24420d3852fe81ec6de50ad1e2abe1b491ce5fb605cbbd2172ae61,ZtbS4kZo6BjjqSPZLo9eFgy7c5q1qeR6WmNZPDtgRd8isb9,aC5NFWMwDiZeaoSSW88LReZtqycx1s3vJJthWiZ44xNdeBb,0.332718,true
711603-2,2021-11-24 02:43:24,711603,0x3c6dc79d960e8d870534e6acc89f42f1d41ff60e8c1f2797f7369c2f4536aa90,ZtbS4kZo6BjjqSPZLo9eFgy7c5q1qeR6WmNZPDtgRd8isb9,a7Z2XiwbfBrRZiiD5iWTfGhgJH5uH6qgFBWJ7C4bsNCLBVm,1.663588,true
711603-3,2021-11-24 02:43:24,711603,0xde3058df594eed59115b8283008c5774aa5d5ee79cdf32c7c620870857273b48,ZtbS4kZo6BjjqSPZLo9eFgy7c5q1qeR6WmNZPDtgRd8isb9,a7f4cDNW8DC6cCww2u8z3DMTrV9utiRjmCNcAi9SmiEDgtW,3.327175,true
711603-4,2021-11-24 02:43:24,711603,0x1e39fc50501c7a1278017b77ce554d646131453f166460db22fef8d08e08da94,ZtbS4kZo6BjjqSPZLo9eFgy7c5q1qeR6WmNZPDtgRd8isb9,a9MZYiG7AvjqJopxtYxwQUvTNpxgBQcMtE5FJAzBqfiHMua,50.521493,true
711603-5,2021-11-24 02:43:24,711603,0x09ad837ed56cfdced124dbc2f8b4d319bca82798d5dabb57206fdfef400c84f5,ZtbS4kZo6BjjqSPZLo9eFgy7c5q1qeR6WmNZPDtgRd8isb9,a9V4qoaq49P9qv85dRvJB8fxqhbY3BtgYUMiNGULxnxwpdE,0.499076,true
711603-6,2021-11-24 02:43:24,711603,0xd50eda15bcf55b1e4b0f878ef61438ef122cfc59d1864e0fc65ac359fe70e87c,ZtbS4kZo6BjjqSPZLo9eFgy7c5q1qeR6WmNZPDtgRd8isb9,a9tFMLpS4won5qyxvyRsBbLhe84cE94hJPe699bxjcrQMos,0.947363,true
711602-2,2021-11-24 02:43:12,711602,0x7521024deb1464e47ef7d3c12e44d675103d6b79ca3e8881199eae39f33d688d,ZtbS4kZo6BjjqSPZLo9eFgy7c5q1qeR6WmNZPDtgRd8isb9,a44fi62pGqR6QXRUXGtN6N3MkbFWkhKyuJXLgjbxVgnXLot,13.51919,true
711602-3,2021-11-24 02:43:12,711602,0x5d9a6edf2427168c9767437a46a47d7c85eb1700bcd77a2c1539befe7dc5a0d7,ZtbS4kZo6BjjqSPZLo9eFgy7c5q1qeR6WmNZPDtgRd8isb9,a4XX676FBaTAekrZD4RkRfqnsPGZpnFAxgbawdbawYWTEhc,4.990763,true
711602-4,2021-11-24 02:43:12,711602,0x2c9c49c1565b61f88d313aec8fa0dacb11664aab17fcf1595a635930138990c6,ZtbS4kZo6BjjqSPZLo9eFgy7c5q1qeR6WmNZPDtgRd8isb9,a4kXr595J3TtAbRPftmB6APY582Z5JMJhXGLmHjKKZy1MAD,0.332718,true
711602-5,2021-11-24 02:43:12,711602,0x46a044e3924a1473e9d981bb901c0cc276416c0f588b6bdceaf89e58eda30127,ZtbS4kZo6BjjqSPZLo9eFgy7c5q1qeR6WmNZPDtgRd8isb9,a4vmyKwiMdB5qU4ZQhHjcCDbU32EBgBxQEbWuN94qPep5qd,3.955346,true
711602-6,2021-11-24 02:43:12,711602,0x47cdb236f605db0c90e459e9cc9102a3c6dc9aa5311555be8e0b7a4e37042555,ZtbS4kZo6BjjqSPZLo9eFgy7c5q1qeR6WmNZPDtgRd8isb9,a55RUGtvx7TLauJ5e4amyNraxvDZRq9hR51eAtJe7Gu3NxF,0.332718,true
711602-7,2021-11-24 02:43:12,711602,0x8f5498ae5b2e58f1764e30f08a2b51d1a555f10fdd2b2132a4ab8c7729f5bb7f,ZtbS4kZo6BjjqSPZLo9eFgy7c5q1qeR6WmNZPDtgRd8isb9,a7FY5F9GK67m6LkTmkDRGDrTMprA7QA9dHbW2RdxinozPbJ,23.390901,true
711602-8,2021-11-24 02:43:12,711602,0x7511c5219862d1272d298affb6d5006f14b107122b40342d6f39f474e4db043b,ZtbS4kZo6BjjqSPZLo9eFgy7c5q1qeR6WmNZPDtgRd8isb9,a7GzFq3XfsHwqQaPRPevHDezuGF5uSbMvBqpUurFRpPvmNS,1.663588,true
711601-2,2021-11-24 02:43:00,711601,0x896f6acc4a757aa67acd1c13efca99391c7e651bbf84d0335196979a5f88a63a,ZtbS4kZo6BjjqSPZLo9eFgy7c5q1qeR6WmNZPDtgRd8isb9,ZvzmV5tveF5PeefB64GpVmAWcPBozvEqVk8Hw718gJCR7gN,0.698707,true
711601-3,2021-11-24 02:43:00,711601,0xf255d612aad3a784fc3674ea9d9b7fbb89e7287c37ef81c3f33003f1ab0520af,ZtbS4kZo6BjjqSPZLo9eFgy7c5q1qeR6WmNZPDtgRd8isb9,Zxm9wCtnauEvcJaXtKHjLnSn4YCSHDidTqUCY4AndgVkMFb,9.39927,true
711601-4,2021-11-24 02:43:00,711601,0xfbe5ec280698a88d554d2e2f7ac877a7d3a4ca9c1b274a5ecc687788e93727de,ZtbS4kZo6BjjqSPZLo9eFgy7c5q1qeR6WmNZPDtgRd8isb9,ZxxynwAgQyiU7oT3yK63Y59wAr5PaHAHX3hK3trEvSAmMUP,1.161184,true
711601-5,2021-11-24 02:43:00,711601,0x9e5ae4d8d2023850432db3ba76a58e0a5039c5cf5dc36502b0e67b5233399104,ZtbS4kZo6BjjqSPZLo9eFgy7c5q1qeR6WmNZPDtgRd8isb9,Zxyxbi5WYeSPcWh5VDqDfaBCXuVWCitofNHGEpwBDhzq1Fh,1.663588,true
711601-6,2021-11-24 02:43:00,711601,0xdd41fdfe22dbc9f633f9da8a6f25a61a0a18e45396ba5ee274eb063f18c29d28,ZtbS4kZo6BjjqSPZLo9eFgy7c5q1qeR6WmNZPDtgRd8isb9,Zy7Jph3xumpEVUDa9qaqEeu8V8WE4avhubc3AwrbercSzPj,11.65517,true
711601-7,2021-11-24 02:43:00,711601,0xe4a43c142f721c274b65e97d2e3c241eb58edd23f76bd77f30e79bc869122d35,ZtbS4kZo6BjjqSPZLo9eFgy7c5q1qeR6WmNZPDtgRd8isb9,ZyEgASVJiC8eRNtgi3R1EuqhbZMRNyAHxE9tSzp6GKLqbaP,0.332718,true
711601-8,2021-11-24 02:43:00,711601,0xd7f600de85b067e2be6e4708d76c7b49ed098518b519415e817cc9f31be47660,ZtbS4kZo6BjjqSPZLo9eFgy7c5q1qeR6WmNZPDtgRd8isb9,ZygmPV6SvoCZR5Lgu8rasdFkuLw9gAfycZcdxMw8xVbFCfT,0.332718,true
711601-9,2021-11-24 02:43:00,711601,0x24406b7806690902e4e3625e0ddcece68ae0e701f9e445b295a4f730f337b0de,ZtbS4kZo6BjjqSPZLo9eFgy7c5q1qeR6WmNZPDtgRd8isb9,a1XZ98ioGkeGLEBs5pUy9psimfeeHr5ah829YnJ8TUSdW1F,1.89649,true
711601-10,2021-11-24 02:43:00,711601,0xc0ea40d72c720ff5998b5ed37db97926a5e6cd756f2c69cd906de5053af8854a,ZtbS4kZo6BjjqSPZLo9eFgy7c5q1qeR6WmNZPDtgRd8isb9,a26efPSoEXKjDhSswj549jQfTftqCv3yU1M9PsLQeAsNdd3,1.497229,true
711601-11,2021-11-24 02:43:00,711601,0xed12e260011c558d73c31fdb9d2faa93c824f9ddf8adfaac7b1bbc2b8edd0238,ZtbS4kZo6BjjqSPZLo9eFgy7c5q1qeR6WmNZPDtgRd8isb9,a2GoPicBtM5qqfWujJPdz1waG8h48XchMn7F6VhpEVWnnvj,1.503883,true
711601-12,2021-11-24 02:43:00,711601,0xb40f16df6c21b6296414973ccc504064343ec5438b1851abe5e8542d4ebd1f3f,ZtbS4kZo6BjjqSPZLo9eFgy7c5q1qeR6WmNZPDtgRd8isb9,a2SNcQGZ7f7EMiX3mbwPRx1Zg1oqk1K6aYENc8Q9X95qx1B,2.532677,true
711599-2,2021-11-24 02:42:36,711599,0xa234e01417ece1094b5bd5fbf27747f26ce84f66d4349876445fb5e382624deb,ZtbS4kZo6BjjqSPZLo9eFgy7c5q1qeR6WmNZPDtgRd8isb9,ZvKssGRs4VMV4cXt8zggPX5SedrRnyMhaiD4WsB37uQW8Kh,3.659893,true
711599-3,2021-11-24 02:42:36,711599,0x82279bd7f8bc3db9467e85f4c8c661ec043cda808cd35d3a12a1f92a681bce54,ZtbS4kZo6BjjqSPZLo9eFgy7c5q1qeR6WmNZPDtgRd8isb9,ZvLQTWFQ9uXaTnVM3dAGAdxwebQ7waw5zsqSHbgBE9VE8xB,0.665435,true
711599-4,2021-11-24 02:42:36,711599,0x83002f636e5f2ab6e9c68556dd3cdc26194880b7b9caa5a7858f4eca90306c7a,ZtbS4kZo6BjjqSPZLo9eFgy7c5q1qeR6WmNZPDtgRd8isb9,ZvWgyBa6G1KW1UYCrTvKDF4WCpu19dfiMR7R2rZ52FTZjUm,0.665435,true
711599-5,2021-11-24 02:42:36,711599,0x6691257815b3e40c84d93d2474eb0dbdcd5df11ee6f930b76ed5d0234d33bef0,ZtbS4kZo6BjjqSPZLo9eFgy7c5q1qeR6WmNZPDtgRd8isb9,ZvXTvA9dQWmGuxTWbMhZM1nJ4kUwCoRhovrTsD4HNzg3Xsm,0.332718,true
711599-6,2021-11-24 02:42:36,711599,0x1214adb1ce510cfc7d9c0c536c440d0b0793442710f21ce67eacdef0d61945c7,ZtbS4kZo6BjjqSPZLo9eFgy7c5q1qeR6WmNZPDtgRd8isb9,ZvjbsRBdakqtmBMU9naUuWgW53xATrVWspwQpkA3t2xjhdV,3.659893,true
711599-7,2021-11-24 02:42:36,711599,0x2fadf316796c475eb4fe62645db9bde4953384916b134d92ae7896639c59a47c,ZtbS4kZo6BjjqSPZLo9eFgy7c5q1qeR6WmNZPDtgRd8isb9,ZvvStxHEUjiBhwg3hVH8eRSM3TsYRDpmHVZvdGPjikQv3hh,6.654351,true
711598-2,2021-11-24 02:42:24,711598,0xea8593f7d1ba70ba174a1688d9707abd7f8d9f97d1ed23d86de44d3e5537870f,ZtbS4kZo6BjjqSPZLo9eFgy7c5q1qeR6WmNZPDtgRd8isb9,Zt3WMRfzxuXrKA4zasHN4cVaWJ3xpcSZMf7cUrB7Uytkv64,3.659893,true
711598-3,2021-11-24 02:42:24,711598,0x8f73ff7d8c007c94c0623de6dccae0247bdbf38bad8c9a926adbd0d467fa205f,ZtbS4kZo6BjjqSPZLo9eFgy7c5q1qeR6WmNZPDtgRd8isb9,Zt4PcDJZs1mQ6d7ya6vSy4qF44JKN6EgjQ9F45ZZU3keiTz,21.641623,true
711598-4,2021-11-24 02:42:24,711598,0x76b5dcc74a14445fa72cce5c0a1aec444006213cbe8148408b411f0efe0759f0,ZtbS4kZo6BjjqSPZLo9eFgy7c5q1qeR6WmNZPDtgRd8isb9,ZtN2geCMJ7uwEyHd4dJc1x19q1Pcq8WC916aZALG4SBw2Fm,35.620515,true
711598-5,2021-11-24 02:42:24,711598,0xf06cc6d9590316d8512623c5f930fc30332d9037bb5dd769a2e0a7a3205feb33,ZtbS4kZo6BjjqSPZLo9eFgy7c5q1qeR6WmNZPDtgRd8isb9,Zth6J9oCAsxGQ3L4jo1nvedXgBv2J63jqiwp6r9ddUHGvvw,23.456586,true
711598-6,2021-11-24 02:42:24,711598,0xa01b6deac790265b06f4edcbe0453d7a23f7b9e978c51d6154bea8964dd78dfb,ZtbS4kZo6BjjqSPZLo9eFgy7c5q1qeR6WmNZPDtgRd8isb9,ZvAQhArFpJtioSE2QGP3nNvgeL7nVhCZBizzLMENWT7SjfD,0.332718,true
711598-7,2021-11-24 02:42:24,711598,0xc3b7df136d8234384268dba1545b9aee3251bb3cfb943a1ae9c9aaa048610a24,ZtbS4kZo6BjjqSPZLo9eFgy7c5q1qeR6WmNZPDtgRd8isb9,ZvBMX5SfudTNPoWGwvZSnF6EHkayN2g2knpXbwEnXADZmhF,0.332718,true
711597-2,2021-11-24 02:42:12,711597,0x490a911b181e6753fe9acb0d4e55f64c22f45a4e695cde7be9b3b7d1b7922bb9,ZtbS4kZo6BjjqSPZLo9eFgy7c5q1qeR6WmNZPDtgRd8isb9,ZqWtANWFttAe5CHCCQaUjrNa6a5f7pbpgamDtLiQNeuHaej,6.201855,true
711597-3,2021-11-24 02:42:12,711597,0x8c319e4e76e047728e7eec29e9d2d24841b4f6e93214ab74e361d5f64075c303,ZtbS4kZo6BjjqSPZLo9eFgy7c5q1qeR6WmNZPDtgRd8isb9,ZqtRPcBAauosbysmkgEeZgRYBZRcmp14C4gytnhcJf6SgCF,70.145353,true
711597-4,2021-11-24 02:42:12,711597,0x1f7dc0e8b4189846981305b45f90a57e695b23e7de2f019de16ea1460db311e1,ZtbS4kZo6BjjqSPZLo9eFgy7c5q1qeR6WmNZPDtgRd8isb9,Zr1bCbGGN6heL7qQW6uVt4cwCVEVoKWwJLPctLq9gx596Kp,0.409243,true
711597-5,2021-11-24 02:42:12,711597,0x7582d3eb3e6d9a702f3d5f67a82bb8361fe1d5f9621803dd7bef14382d170c32,ZtbS4kZo6BjjqSPZLo9eFgy7c5q1qeR6WmNZPDtgRd8isb9,ZsW9bEh2uj9x7AfgmmxyydQiQpWBg8RpBE9cJkrNXFbc7rd,2.329023,true
711597-6,2021-11-24 02:42:12,711597,0xa5c9724670d00692c8ac0d203cda2cb5668e79a6b8699bd901cdd785b3d08e71,ZtbS4kZo6BjjqSPZLo9eFgy7c5q1qeR6WmNZPDtgRd8isb9,Zsvnb2uDd6xmbJzpkmapXQGBsYF7P3oeZm4gqXJS1GF5ZTL,119.584334,true
711596-2,2021-11-24 02:42:00,711596,0x053f8f86ec6de0bb5c4ad91fd0ff3d6384ef0d32204b5f558fa30b9fb7de4d56,ZtbS4kZo6BjjqSPZLo9eFgy7c5q1qeR6WmNZPDtgRd8isb9,Zi5cfxeuvojkJ7KnjgDH5TKhknszqNHeEbwXyPVDd6S1gzb,0.467401,true
711596-3,2021-11-24 02:42:00,711596,0x70ef67d97a753a13172c7e5a41293f01345bb794fbcd65e2396924b9147ccdc2,ZtbS4kZo6BjjqSPZLo9eFgy7c5q1qeR6WmNZPDtgRd8isb9,ZnM3CJEUHC2bqmR53E5vUgZ63KPsPjvANeHNHnV46Ef6kbi,0.831794,true
711596-4,2021-11-24 02:42:00,711596,0xa002aa6ed34e0045aa837ceadd3eaf82a760e9b0f02cba3ddf8b9500f3b1ea70,ZtbS4kZo6BjjqSPZLo9eFgy7c5q1qeR6WmNZPDtgRd8isb9,ZnbD8zwfT4q4eJMycX2undYQDVFytuvBZQPejEjC5EFNYq8,0.147075,true
711596-5,2021-11-24 02:42:00,711596,0x88143084540dbde95a347baf56c96bc34e39026950663500fced286d9cdddba9,ZtbS4kZo6BjjqSPZLo9eFgy7c5q1qeR6WmNZPDtgRd8isb9,Zo8JoY7WEmJB9go6PQVscr2GMzFWE5rmWMn4bYLjQgtK6Re,3.327175,true
711596-6,2021-11-24 02:42:00,711596,0xe6c06c6dd80bb10c7ec7e87596fc487da4a13de6c890b7f8ddd89c2b96e2611e,ZtbS4kZo6BjjqSPZLo9eFgy7c5q1qeR6WmNZPDtgRd8isb9,Zq1z3U2QDGgTmmaavNaP9FZ7euivDtMzMHwTukKXRdU4GJs,0.822171,true
711595-2,2021-11-24 02:41:48,711595,0xcd4b7cd3b22a38abd3e33250c6ebd144f0ae7841a37dd1931d575bd4d38783b9,ZtbS4kZo6BjjqSPZLo9eFgy7c5q1qeR6WmNZPDtgRd8isb9,ZZdsGM98Ae8fgfcwSc5mmvmyK3LpHSR3WSyA4JDL3WoxfNN,0.665435,true
711595-3,2021-11-24 02:41:48,711595,0x734e0e7c5b29b5dd51c851aebe362f98b835525c41ea9ba6fcec5c9144dc3871,ZtbS4kZo6BjjqSPZLo9eFgy7c5q1qeR6WmNZPDtgRd8isb9,ZZq7cuCXrEqsJs157HU5duc6TdH8Vevn5oKkJSX9h7X5tUp,60.903944,true
711595-4,2021-11-24 02:41:48,711595,0x10e9a82d00ba840de341a9926903733bba563f4c2e77f7e233db77f5b6e76094,ZtbS4kZo6BjjqSPZLo9eFgy7c5q1qeR6WmNZPDtgRd8isb9,ZaoZJFKZ3GE6Vjy74fBwTRqndq8ro43qyu3Yw7DYvzdJSq9,1.663588,true
711595-5,2021-11-24 02:41:48,711595,0x99e536cd6ff5f8ae800295179a9bdf6a8daa800cd825286b29434fccace5ce30,ZtbS4kZo6BjjqSPZLo9eFgy7c5q1qeR6WmNZPDtgRd8isb9,Zc3krtMEXF7jTWMXgsTJ1odnhcBpXoGMM3LskcPFeEEsAgw,5.586327,true
711595-6,2021-11-24 02:41:48,711595,0x3d0650ce51fde797f4dda9db440b33bd6d6593310f2e273d8475c8318f797fb7,ZtbS4kZo6BjjqSPZLo9eFgy7c5q1qeR6WmNZPDtgRd8isb9,ZcEQAYcYx276PxSC7VJAXSRMCbzFtG5DSxZPTLMEC4oPXUg,0.332718,true
711595-7,2021-11-24 02:41:48,711595,0x475c61fe620e501ad71cab0738e7fe458577d235562089d8ab8ece4550b8b012,ZtbS4kZo6BjjqSPZLo9eFgy7c5q1qeR6WmNZPDtgRd8isb9,ZcUuRkJDcBjaAKR9Gfcc3JJg1ibfGdjTEceFz1vcdVhcJAr,4.372237,true
711594-2,2021-11-24 02:41:36,711594,0xafa9dd0fed92c3fedb71725505128bc38da537ca7a08a316456930c4891ff976,ZtbS4kZo6BjjqSPZLo9eFgy7c5q1qeR6WmNZPDtgRd8isb9,ZSo1uETiwpSg2XXbx2wmHiZeys7ariVHjwPdFzZ6XEUCr7J,16.796501,true
711594-3,2021-11-24 02:41:36,711594,0x0bc449ca86b0a3c6881995be909829301e5e69d216cdfe1bd5b6bd4669cb7705,ZtbS4kZo6BjjqSPZLo9eFgy7c5q1qeR6WmNZPDtgRd8isb9,ZUxZfz9DPqLP7ELZv3a4RZc56H6d2Z8gR8iMbFx449198VF,0.359335,true
711594-4,2021-11-24 02:41:36,711594,0x1bf557eed0e7054e712fdfb5efc01cf49cd536c23e0087de903a7028eca659a5,ZtbS4kZo6BjjqSPZLo9eFgy7c5q1qeR6WmNZPDtgRd8isb9,ZWreQeAJ5kBZQ2EVkBGXPwZepcU4U1Tb4BQJjayFvtqQv4f,0.911646,true
711594-5,2021-11-24 02:41:36,711594,0x86fa389baaffe241cb5f5fd5e0b5857cdb8a1af5f83314d17998eb4e34f13c69,ZtbS4kZo6BjjqSPZLo9eFgy7c5q1qeR6WmNZPDtgRd8isb9,ZWtoqnioffUUY5ib9nc1iz9RTJKmpF269Bc6783BPVjTUPK,0.332718,true
711594-6,2021-11-24 02:41:36,711594,0x49cd6df66eb1bcd81375538168e6576275c07c1151fbcb38fb7764f111f193b8,ZtbS4kZo6BjjqSPZLo9eFgy7c5q1qeR6WmNZPDtgRd8isb9,ZYWnAfCenUTNPb3KuKRNhasqj7DcthXXoTRrmK4cwwHJmzK,1.33087,true
711594-7,2021-11-24 02:41:36,711594,0x7492139b5079085f2947b3562ad42e14acb16a3915f45dea037501bb9bd1dc93,ZtbS4kZo6BjjqSPZLo9eFgy7c5q1qeR6WmNZPDtgRd8isb9,ZZYdbGA8zL9gJE7EcnLecuJX6E7L5hDhJht9zWF8uNqXjFM,0.499076,true
711593-2,2021-11-24 02:41:24,711593,0xc60f5dc8ca38baf2c4aaad5b1d7a106ec360396b4de122d7031110903e9edcfa,ZtbS4kZo6BjjqSPZLo9eFgy7c5q1qeR6WmNZPDtgRd8isb9,ZNoEaiRKxiFsNBv8ySoQL7fnrJKbmntvbibds7VV3dm1sy4,0.392607,true
711593-3,2021-11-24 02:41:24,711593,0x0d185a6ca5ead1f1677ae67917ceccc71cb0b862bf61c3e7663c7dc0f6d473c7,ZtbS4kZo6BjjqSPZLo9eFgy7c5q1qeR6WmNZPDtgRd8isb9,ZNt3d9E6es3zUUazCVXQWQAWbACgLvzAntViJroQKaNLRTk,0.681567,true
711593-4,2021-11-24 02:41:24,711593,0x9dbaa0dd4dc563019b65791c9d60ca7547b596c1e9a44da4c85da95894005400,ZtbS4kZo6BjjqSPZLo9eFgy7c5q1qeR6WmNZPDtgRd8isb9,ZPBd4JdSbc7UYSiyM2asr7dErpcYifxUzcgr2iqbmVXGgFb,1.79002,true
711593-5,2021-11-24 02:41:24,711593,0x7ecc4bde8b90983463b21b4732170c5c5a98b81f232ce76284f0bd8ad08970ab,ZtbS4kZo6BjjqSPZLo9eFgy7c5q1qeR6WmNZPDtgRd8isb9,ZREdK1DmdM8bxaivSqk7UyE79God9DYkpXKUxQDUKXpvmBH,10.274317,true
711593-6,2021-11-24 02:41:24,711593,0x5b0e5fb0ef74b0c9c4ff62822d2dd4b81aebed18f0413da63e50beda5ac9e48f,ZtbS4kZo6BjjqSPZLo9eFgy7c5q1qeR6WmNZPDtgRd8isb9,ZRRY7RrpHdcJUgZR7RthSKs7m6MzAbUHSjw3eTnjwzUuJ9P,1.727776,true
711593-7,2021-11-24 02:41:24,711593,0xf3c9fb12aa77718698290a5c2fb58a0ba7f0d797c3aa40f7613eb251aa36fcf3,ZtbS4kZo6BjjqSPZLo9eFgy7c5q1qeR6WmNZPDtgRd8isb9,ZRjZGRGJ6YpLAm1Chk162Q5bCCZDgS7efS5Cj7ZCotcurji,28.747127,true
711592-2,2021-11-24 02:41:12,711592,0x218ea29dad4fdbfa2097bd3dbc9509fd68d2de1cd836aaaeb6a80d46eb671ce1,ZtbS4kZo6BjjqSPZLo9eFgy7c5q1qeR6WmNZPDtgRd8isb9,ZJVooDE7Pkj8BrwZQPiFkfD99XLAyorr8X7MALEnDunbpbC,1.663588,true
711592-3,2021-11-24 02:41:12,711592,0x2d804ad01ced6fb397f215d2498bdd497bfd7aec287eeafc5a33034b447421d2,ZtbS4kZo6BjjqSPZLo9eFgy7c5q1qeR6WmNZPDtgRd8isb9,ZKyvQP88JHwcvtw1hABqxQJJdt1DnbRZdqrNrH4NhdxBg4r,0.350214,true
711592-4,2021-11-24 02:41:12,711592,0xa6f2fd5b70a32b634ecded8bcf7597da6b6e790064c0aaecb6e25978010aae5f,ZtbS4kZo6BjjqSPZLo9eFgy7c5q1qeR6WmNZPDtgRd8isb9,ZL64Bj9HuLyFgyHeoLjPduL2B4FmEHdbZpksAcqkLgZtL5P,0.429708,true
711592-5,2021-11-24 02:41:12,711592,0x12e6df8417a9d2742233914a1264aa4dcf2408005de6dbe4658e98a8353d5de7,ZtbS4kZo6BjjqSPZLo9eFgy7c5q1qeR6WmNZPDtgRd8isb9,ZLabrYisfNrWUyjm2CokDDZbps1J7rDASBDWgBnXf3gdiwn,0.499076,true
711592-6,2021-11-24 02:41:12,711592,0x0572df74f94f8ef136dc98145a8e0ac6ed5d1fa368b77d1852afa84d8ebb6f9d,ZtbS4kZo6BjjqSPZLo9eFgy7c5q1qeR6WmNZPDtgRd8isb9,ZM948EeGXxjfjuq7SCv4ncrE7tVnKtMUEbNmyCC7NUidMbo,1.449172,true
711592-7,2021-11-24 02:41:12,711592,0xea893f70d73cad0df06acf8fb191326dea255a8502044ebbddef1c2742aada1c,ZtbS4kZo6BjjqSPZLo9eFgy7c5q1qeR6WmNZPDtgRd8isb9,ZMHWDXx3T1FCjP7u3cvLAhj65CKjweYZn4dJ3EHrRmP2irp,4.059154,true
711591-2,2021-11-24 02:41:00,711591,0x32a593df908b688981403598225cafd8038d74e1d013d10cb748df393f7a4c71,ZtbS4kZo6BjjqSPZLo9eFgy7c5q1qeR6WmNZPDtgRd8isb9,ZCXnJCC7HwjgecAtLKLfF7JX2RB94KLCvbrUQPLqwXxGVL2,0.332718,true
711591-3,2021-11-24 02:41:00,711591,0xb6a20586c5ec0faafc6030ed28f437d829954211620af398efe93aee5bcae11c,ZtbS4kZo6BjjqSPZLo9eFgy7c5q1qeR6WmNZPDtgRd8isb9,ZCb9h3Nu4pzaP9f8C211mu4LN8L8aS33bkCzivd3pfLgpuL,0.665435,true
711591-4,2021-11-24 02:41:00,711591,0xca47ed60e2b4c8e2f45c496ebf7ce3e819d1585d3d1f8aae44ca2c4428a5741c,ZtbS4kZo6BjjqSPZLo9eFgy7c5q1qeR6WmNZPDtgRd8isb9,ZCp1iStR52XZzxnesF7TTnqAeUFgd9fXzLj18s4S9WiYp1V,0.428847,true
711591-5,2021-11-24 02:41:00,711591,0x8020dda815cce316128e44fd65b7e76d147fa8165418977490f9530cf25bb11f,ZtbS4kZo6BjjqSPZLo9eFgy7c5q1qeR6WmNZPDtgRd8isb9,ZHfHxti1HZLVHnUwH3ZKjXQWheDfFQmxCcp1pusyY3hj7UZ,2.117386,true
711591-6,2021-11-24 02:41:00,711591,0x584bc7e64452adb34ed9c367bb655f1329eb9673bb66032c14ad5bb3618f51d5,ZtbS4kZo6BjjqSPZLo9eFgy7c5q1qeR6WmNZPDtgRd8isb9,ZHw6BozG22rahUAjpHUEw9Jd3NRyG8PYH87vNGS9DeWa8QH,1.562796,true
711591-7,2021-11-24 02:41:00,711591,0xe8ce70e081a8fe4a18004bafb5226aeb2f67e5b8b0372a6ac0748c9c1294fe0f,ZtbS4kZo6BjjqSPZLo9eFgy7c5q1qeR6WmNZPDtgRd8isb9,ZHzNAiWJ88Ck4QHFF5xmwTV7zuGBz9FPa3m7y22y2BCuAGe,10.092654,true
711590-2,2021-11-24 02:40:48,711590,0x92409dfec4f823c54fd919ba72726afdd8ed957f411628ac9fa54bd7cca00267,ZtbS4kZo6BjjqSPZLo9eFgy7c5q1qeR6WmNZPDtgRd8isb9,Z7W2ozwA2UHLfRFDcdQuDf7zP6nxKzZM4iqFqstqLPhDR4q,4.658045,true
711590-3,2021-11-24 02:40:48,711590,0x17e05a38ffc32e8aeb29307a744e2243afe0d8f4660153fc6752884f9c8db027,ZtbS4kZo6BjjqSPZLo9eFgy7c5q1qeR6WmNZPDtgRd8isb9,Z7bDfLNKdPQYGA1LGyXx3JHBGqWHVgDmUDrozrKW3bcfou6,0.409243,true
711590-4,2021-11-24 02:40:48,711590,0x4981fc2726e23bbe35ccbe4a11043b33d60ed3de497222f80f33bdc6b04cff2b,ZtbS4kZo6BjjqSPZLo9eFgy7c5q1qeR6WmNZPDtgRd8isb9,Z9w8j343oi1hq4yDqPiiKgrj91JWHbnbA4UVWKEqDYoKLzw,0.76525,true
711590-5,2021-11-24 02:40:48,711590,0x29fa9af9ed9173369c7e325fd03ec28866cbbcbefbd38503fef5a72ccb44c569,ZtbS4kZo6BjjqSPZLo9eFgy7c5q1qeR6WmNZPDtgRd8isb9,ZAVau9KCtyxtEDnnr3ePVH5EPeXK9ZjPM6n4vNsyZ19LWPZ,0.511325,true
711590-6,2021-11-24 02:40:48,711590,0x504ddc6dbbf283ff9a21f182f8ce428a106c437ec34c6f30d5c1eec09d3db9a3,ZtbS4kZo6BjjqSPZLo9eFgy7c5q1qeR6WmNZPDtgRd8isb9,ZAeAqs4fn4NgQ5mR1jRXNbQREA5o4aYDSEXv9xVoZxipcxj,0.855084,true
711590-7,2021-11-24 02:40:48,711590,0x7cb84124e040e63b0fe62275a6c0b1bcebe8269706ac00ef98c6e0064039f11b,ZtbS4kZo6BjjqSPZLo9eFgy7c5q1qeR6WmNZPDtgRd8isb9,ZAfMC5STGfVZokHoByXhfQAUe9mYKiUanxQP7yTeLT31tC3,0.605546,true
711589-2,2021-11-24 02:40:36,711589,0xaaf11cd8177c2137c1193889c24be8603e00617c25f170d7229903adc88a991d,ZtbS4kZo6BjjqSPZLo9eFgy7c5q1qeR6WmNZPDtgRd8isb9,Z5DXiP1qSmq9drm3vqVGTw694TvD9xXxpyVbHdUeJy4v9MS,0.399261,true
711589-3,2021-11-24 02:40:36,711589,0x23ee9656374ed000261c5b541cdfb74f2c1505d4b4542aa2af85296e4e7655e8,ZtbS4kZo6BjjqSPZLo9eFgy7c5q1qeR6WmNZPDtgRd8isb9,Z5Smb6PcWGViDpYbB2DcaDEnKsJ6vgYcjTbeEmmWofjuv7Q,23.290227,true
711589-4,2021-11-24 02:40:36,711589,0xbc4bdd716894910e2a2d15f7cad718ce28e034d89909f261273b2f348fa34205,ZtbS4kZo6BjjqSPZLo9eFgy7c5q1qeR6WmNZPDtgRd8isb9,Z6xeuoZw3c5tMFnTAM6xbFPcxmrrhQQRxRrmgiM2rCa3VKy,0.332718,true
711589-5,2021-11-24 02:40:36,711589,0xbd2c94679422ccd029a0eca8d9627985db492f842f34952b21f0848bb2f8dd9c,ZtbS4kZo6BjjqSPZLo9eFgy7c5q1qeR6WmNZPDtgRd8isb9,Z6ynECVwQbtbnpcU6PXFBTcxzZajE6J8zt4pXcV1D2Z8x2H,0.665435,true
711589-6,2021-11-24 02:40:36,711589,0xfe98de2b0e71dd0b0675b6291f7e63a412afafba6ef382dc2647fdb2db574134,ZtbS4kZo6BjjqSPZLo9eFgy7c5q1qeR6WmNZPDtgRd8isb9,Z78GYgi2sFdnta58DCeD1YALorg5XxqeyaHQHhJbqwrvc7g,13.63344,true
711589-7,2021-11-24 02:40:36,711589,0x81869342ad76b164d7ba87fe7bfb0305398cd1e2fd1d7074b19de6fa4c06ddaa,ZtbS4kZo6BjjqSPZLo9eFgy7c5q1qeR6WmNZPDtgRd8isb9,Z7NV8RMjWg5JXpc3fN1wUC3wV1jyfEaW9unoPfGhHyBxRtJ,0.455169,true
711588-2,2021-11-24 02:40:24,711588,0x962c7bdd5a52f1feda25c3c96cc51b69850d151e0ec8f4894ab2074a5cfbe371,ZtbS4kZo6BjjqSPZLo9eFgy7c5q1qeR6WmNZPDtgRd8isb9,YzDKqpsp7R1scMm1F4GRndhyuwF46p5QSHY7RUrnP7BsU9V,49.907629,true
711588-3,2021-11-24 02:40:24,711588,0xa72f28804ca2cefcaf438f12f9a5fd8a1c5e432eb2f5ee3864d7012c8d26b01c,ZtbS4kZo6BjjqSPZLo9eFgy7c5q1qeR6WmNZPDtgRd8isb9,YzFDdvaUxVF1Hv9FoLAPFSfgCo4dtmDcNSbnrajrzSVwN5j,0.432533,true
711588-4,2021-11-24 02:40:24,711588,0x9f0ea385bd887ca4e93ec83455318c5d14443ce0167d2f73bb8e19e5fea14eda,ZtbS4kZo6BjjqSPZLo9eFgy7c5q1qeR6WmNZPDtgRd8isb9,Z2PKvBx9w9Mqf5UQgbt8PbhmBeyAMqws9PnN148dqnADWWV,1.164511,true
711588-5,2021-11-24 02:40:24,711588,0x17af4de561f5867550837e4aaa0fbb6cb332e1f915d0da8236d4d409dbea9bd4,ZtbS4kZo6BjjqSPZLo9eFgy7c5q1qeR6WmNZPDtgRd8isb9,Z2U3HVkU3gChkwrLzfzURcq6KfAZpcraN8ivRPWLaNiSUet,193.618311,true
711588-6,2021-11-24 02:40:24,711588,0xe6f7d6cbf17c4ca3940d95ef472aa0a97a72a911468b04a81f4241ef0a1370a7,ZtbS4kZo6BjjqSPZLo9eFgy7c5q1qeR6WmNZPDtgRd8isb9,Z2c2drAyi1uRJM7mBRu1cvN6hKk5Yt5J1WZ83rthmxS3u1G,0.632163,true
711588-7,2021-11-24 02:40:24,711588,0x47ff61dd58652087e12ed53d8a82f4b7eabcbe62a12f1527fd547eef19536293,ZtbS4kZo6BjjqSPZLo9eFgy7c5q1qeR6WmNZPDtgRd8isb9,Z581vGPJ8gJH8Db1VnYQUnWi5dWAZqeEKpWEezjd83jcuPm,16.635876,true
711587-2,2021-11-24 02:40:12,711587,0x8db5c2a4108e85a99843122841c75527159c7768df16895624400ff0d7badf92,ZtbS4kZo6BjjqSPZLo9eFgy7c5q1qeR6WmNZPDtgRd8isb9,YveX7GTj3Fz33qrCzR8x217pDABcbm7xnm137mGkzgvk5LB,0.335213,true
711587-3,2021-11-24 02:40:12,711587,0xf2074535be2ce433c5aaa358d43218a200018d531516a162d4f0322c40b28f38,ZtbS4kZo6BjjqSPZLo9eFgy7c5q1qeR6WmNZPDtgRd8isb9,Yvtrpjck4qXmCJg7a5TEMELjVntSmvB4RJu3isNLj4BDRCg,0.44344,true
711587-4,2021-11-24 02:40:12,711587,0x08abc8958d03b98558f05e353d6c1b2b5faa99e7d6a62e6012a13ed64a2664ca,ZtbS4kZo6BjjqSPZLo9eFgy7c5q1qeR6WmNZPDtgRd8isb9,Yvu2ViVqrVYsL9FFETcizoxYFBz1daQVeWN5hBXbNphuiW8,1.167506,true
711587-5,2021-11-24 02:40:12,711587,0x4c2cf46a4774ff96979f48ed01df0e7a5441b26032eb468ed3796bee8fa89b49,ZtbS4kZo6BjjqSPZLo9eFgy7c5q1qeR6WmNZPDtgRd8isb9,Yw6zXcfMazuumMiYGjj6x3VUioKaSDfiNT6ybzRky6f8WAj,6.654351,true
711587-6,2021-11-24 02:40:12,711587,0x12a8c4430dd5c9d3d29e8dfea47120a8bd2081ac49b79cafa665fff6f721c114,ZtbS4kZo6BjjqSPZLo9eFgy7c5q1qeR6WmNZPDtgRd8isb9,YwHPTKu9nNRuvfk2b16DUbxrDeS1wfk6bBAzsyrvMrgjEHZ,6.785886,true
711587-7,2021-11-24 02:40:12,711587,0xb2dfcc5e1f2ef72eba02fd653c1e3a50d8498bda0395b934eb5bb4e38154a46c,ZtbS4kZo6BjjqSPZLo9eFgy7c5q1qeR6WmNZPDtgRd8isb9,YwKBitZN2iqq934VmbXMg2uYc1ULdViP3yvSHjjsQa9qsWw,1.630316,true
711586-2,2021-11-24 02:40:00,711586,0x62ad0ddf0d2c48cfa17e18e66ff0b28d1df59c2d567f10e3f0a248135ae40eaf,ZtbS4kZo6BjjqSPZLo9eFgy7c5q1qeR6WmNZPDtgRd8isb9,YoKPY9tBRSLJVRzmcgjXDq9Vo9Y7S5utUQpfU1hsZq4qrrc,1.497229,true
711586-3,2021-11-24 02:40:00,711586,0xb54aa6ec04ffef9e93d2205e3938cfe117a203050f811a4c620f4193aa1b3636,ZtbS4kZo6BjjqSPZLo9eFgy7c5q1qeR6WmNZPDtgRd8isb9,YpvhUm4k3jAd8iEPdjZxBW8S1E7Qu3FGC1boEEh9PbTRSoS,0.808504,true
711586-4,2021-11-24 02:40:00,711586,0xace1dd2e0320b6b7ea06951890a7eacba05dc5f7acdcf0e41765a81381ed13b8,ZtbS4kZo6BjjqSPZLo9eFgy7c5q1qeR6WmNZPDtgRd8isb9,Yqkoys953w7g8ZxqFyjmpfcJcACDXx2XN7XUKua8WbC4NKW,1.118131,true
711586-5,2021-11-24 02:40:00,711586,0x29720e9cafb863cc34d4d72747dbc276248b6175a5d1e6625db83431303e264d,ZtbS4kZo6BjjqSPZLo9eFgy7c5q1qeR6WmNZPDtgRd8isb9,YquJEHMHUPZXwg8xDWWZ7hoWKr9iDDVR5ZCy1MuGgSEBo6N,4.554903,true
711586-6,2021-11-24 02:40:00,711586,0x82deb8b7faeb73d8a59d12b9a55c8bd88dbb8c065f35cdcb0735f347f9592ca5,ZtbS4kZo6BjjqSPZLo9eFgy7c5q1qeR6WmNZPDtgRd8isb9,YquzR4iYZpFSLu7RCKsGszGXXHgiizo7suMnaaHruUdtsCb,8.317938,true
711586-7,2021-11-24 02:40:00,711586,0xaa1710d98ad0fc774e0fc8bf5b03c63fdfb52afda4e5074beebd65e1367c4f85,ZtbS4kZo6BjjqSPZLo9eFgy7c5q1qeR6WmNZPDtgRd8isb9,Yr3WdjXTZduowfzkJyRhjQpzYaqKNLuf5e2FM7B3kov1fiC,1.539666,true
711586-8,2021-11-24 02:40:00,711586,0x16a5361efc4173e680e7ca7cbde93e3ccaa6301f49784d6cb0947ca587e85e09,ZtbS4kZo6BjjqSPZLo9eFgy7c5q1qeR6WmNZPDtgRd8isb9,Yr7ZxQJX6Ho4qBFywoA5hvFSxpBtLQv5T4LnLpzy3MffKJa,10.670251,true
711586-9,2021-11-24 02:40:00,711586,0x5801d95595d050b532f95d6de8ce032482c3be9aecb26d4daf7708014eb27452,ZtbS4kZo6BjjqSPZLo9eFgy7c5q1qeR6WmNZPDtgRd8isb9,Yt1cYxqrSWDuMG4dKu8kA7DwC171Jjkmw4tDqsmJxUiJ2dB,64.879918,true
711586-10,2021-11-24 02:40:00,711586,0xd89bd4d4ae5aaff201de18651c632317029c2bbb9e9196bc149e9e29d08d087a,ZtbS4kZo6BjjqSPZLo9eFgy7c5q1qeR6WmNZPDtgRd8isb9,YtVah3gmvD463XMjLXZv2sfqHtrcriivemxTGVbMEzzAnmC,0.665435,true
711586-11,2021-11-24 02:40:00,711586,0xc065d09873fb1426840f4cfd79ed6c8bce4eb8db9567070a149862415c4c4060,ZtbS4kZo6BjjqSPZLo9eFgy7c5q1qeR6WmNZPDtgRd8isb9,YturQLvrXjqdxSSUTqLzWhGoLdNqiq1Kuv1Xa9gGXxBfB2U,25.07326,true
711586-12,2021-11-24 02:40:00,711586,0xe5934ceb84b350ec4506cd0de64c32ce1fbd9f8be54345039a8314dcfc3c5ae3,ZtbS4kZo6BjjqSPZLo9eFgy7c5q1qeR6WmNZPDtgRd8isb9,YvWEPYi6BRqpLeKQRQP1XZoWc6JM3LoZDCXgMNgtswXULvb,13.308701,true
711585-2,2021-11-24 02:39:48,711585,0xf7378c14cd5878e07be8a1c88a2a637032cf4e319c7520e121fc846d070380a9,ZtbS4kZo6BjjqSPZLo9eFgy7c5q1qeR6WmNZPDtgRd8isb9,Yi7JLPL81FjypN71TDJVnYE94rYq95vkFihxjao9dCVPurS,8.22145,true
711585-3,2021-11-24 02:39:48,711585,0xf22666e2fb7b898d3d0a2516210cef7245a245786f8e987c7f534bdcda3cd647,ZtbS4kZo6BjjqSPZLo9eFgy7c5q1qeR6WmNZPDtgRd8isb9,YjuqPYaRnBop94qv925q4H5gCD2rWvb6VJiHYmHQnN8Y1xP,0.571407,true
711585-4,2021-11-24 02:39:48,711585,0x413befd404e2f2e211a873ea697c9417b1c109d079ef8a768e80a1907de650ac,ZtbS4kZo6BjjqSPZLo9eFgy7c5q1qeR6WmNZPDtgRd8isb9,YjvAZTZRSBwWei99twDonShQKGGTk4mzq35VPYQVimESnoa,3.327175,true
711585-5,2021-11-24 02:39:48,711585,0x093357fd3385092486d7f98d7be196bc9b5646b54f8db28878e2c67e2fbe37f9,ZtbS4kZo6BjjqSPZLo9eFgy7c5q1qeR6WmNZPDtgRd8isb9,Yk9MvfjqUxdyAoPEjoa46rZXSnXY8wZ3DJDrFH1swqrN3wJ,1.57976,true
711585-6,2021-11-24 02:39:48,711585,0x6cf40af67affe3bb609ff8a26f5d0cc085c188d7d93871fee2af10582e3782c7,ZtbS4kZo6BjjqSPZLo9eFgy7c5q1qeR6WmNZPDtgRd8isb9,YkeB8HGcCsnxPgSfjF26oLY67VxR6C7XawpQ1kZYQXptBxn,1.164511,true
711585-7,2021-11-24 02:39:48,711585,0x3ff2e2d410add74ea5d95fa3bc1aff03f956f3b6dc68d0e13d8a2fdaecec9758,ZtbS4kZo6BjjqSPZLo9eFgy7c5q1qeR6WmNZPDtgRd8isb9,YkkYigJ8m8Wzktrvj5yMdip27NBKMnJrAMW3QtpApQBsCLp,7.722041,true
711585-8,2021-11-24 02:39:48,711585,0x7630853c3706f445af0fa74fddeec7c8297467b254dd44948ba1a8323d89edb6,ZtbS4kZo6BjjqSPZLo9eFgy7c5q1qeR6WmNZPDtgRd8isb9,Ym2WEHZLWKz6YgQBcDiMYtQKruXM6L4PGdjyEoVsx5Xe3n4,0.332718,true
711585-9,2021-11-24 02:39:48,711585,0x05efe0e006448da46c7c51001ecc7a8c2708f320c4d8d98ea6b412d66cd92633,ZtbS4kZo6BjjqSPZLo9eFgy7c5q1qeR6WmNZPDtgRd8isb9,YmX6dS5XvP3rzmxEwR1jk7B25DqcDGRshPskG5GMksnsVNV,1.663588,true
711585-10,2021-11-24 02:39:48,711585,0xab0670ddea77b812453c21872fb1f8775c250463fc4cd27581b2902fde5b2bfb,ZtbS4kZo6BjjqSPZLo9eFgy7c5q1qeR6WmNZPDtgRd8isb9,YnfJw4mc4tEaH6QyVgsFEoEiV5VLhNJK9njYizrnsvST69w,0.785728,true
711585-11,2021-11-24 02:39:48,711585,0x4d4c439ad885882dc0d183ed4111ce376aecb41e9ea3711824699f9883b4894f,ZtbS4kZo6BjjqSPZLo9eFgy7c5q1qeR6WmNZPDtgRd8isb9,Yo2qDT6SKNZkqRYBoKsrNQjUkhvaSVLoBYFDgJbTypGXi4p,1.129472,true
711585-12,2021-11-24 02:39:48,711585,0x995d7ed8a407b8cad17e0f2b7d8e66fdc8d8c0da6a74ab72622536d2203b3a5c,ZtbS4kZo6BjjqSPZLo9eFgy7c5q1qeR6WmNZPDtgRd8isb9,Yo9pjztLSXhW8Q9wg2BfdeqUh7DUiVEZ9x2kmoYoxSWc56u,0.349353,true
711584-2,2021-11-24 02:39:12,711584,0x278c19adde189ee4d4366c75d3d17b53a5d7f296a75215f9cc2d68c01c09a660,ZtbS4kZo6BjjqSPZLo9eFgy7c5q1qeR6WmNZPDtgRd8isb9,YhmPFeU727QHPMyPc775yCDD8ZgdanXXAoUcYGcEA6rXZwB,1.497229,true
711584-3,2021-11-24 02:39:12,711584,0xdf8f181feaf2241347f9e840c684931f1a380a2453b66624e7b7a84dbb196a6f,ZtbS4kZo6BjjqSPZLo9eFgy7c5q1qeR6WmNZPDtgRd8isb9,YhtVEFNTav855ogVuYsjTij6j2J4Rry5fTE6e6u22LbFVM1,0.881928,true
711584-4,2021-11-24 02:39:12,711584,0xf2bdb8b5bf71092c2709d03d43d47a9a7b286db47d9e60052ae4ae42b8fe7acb,ZtbS4kZo6BjjqSPZLo9eFgy7c5q1qeR6WmNZPDtgRd8isb9,YhvUShxiSm9tJvBHGDdfiEPEjc1WyLB3jdpfBGXwhSt8Ww2,0.665435,true
711584-5,2021-11-24 02:39:12,711584,0x26e7216762f2ac40ff789663e0f9c990e18340d230b6dde5aabf453da48a86c8,ZtbS4kZo6BjjqSPZLo9eFgy7c5q1qeR6WmNZPDtgRd8isb9,YhvsFmffePWPUf5LJKAaY3FdSTpNoxyGc6n3GQujvmmXY2H,1.939743,true
711584-6,2021-11-24 02:39:12,711584,0xf2be94ae0c8c6d6b680b0d1afcdeeb7560d2f4ec3cc904e5b45a1e775f8befc8,ZtbS4kZo6BjjqSPZLo9eFgy7c5q1qeR6WmNZPDtgRd8isb9,Yhxdy9p3AdnRvrGZRwrSyg41Sf4Hd9yf8obZTdpUK8F2B58,0.332718,true
711584-7,2021-11-24 02:39:12,711584,0x5d2f692ee3bf1b836f1c7ea29ba346ee0b5b0906dc946ba1ec86fedf85dbdbde,ZtbS4kZo6BjjqSPZLo9eFgy7c5q1qeR6WmNZPDtgRd8isb9,Yhyx5NdhcA7DgPQzTLFzN49dmSHA1Jmpak22QZaWGfM9jPf,133.797037,true
711581-2,2021-11-24 02:38:36,711581,0xd16d7e4c96095a80c2cadaa7852b45a44e95a4c330bda9788928291540eafbf8,ZtbS4kZo6BjjqSPZLo9eFgy7c5q1qeR6WmNZPDtgRd8isb9,YXEhFGmFxp1Ji64ZpFQM2GT84hMKMEKz9CeeobQ5e9jMw2A,0.332718,true
711581-3,2021-11-24 02:38:36,711581,0xf817a35549628fc9065be642307b807f919d4e4ba83a20b5fe05f756f5e36079,ZtbS4kZo6BjjqSPZLo9eFgy7c5q1qeR6WmNZPDtgRd8isb9,YXcaeQSBxRHE2Ls1RYLTVsXiei4wip6fvXy4cPjdEogKT89,4.990763,true
711581-4,2021-11-24 02:38:36,711581,0x9a6cce61ffc2b4c0926d1f286471abb57ff3d6b612bb37ad4489f20b9e8e07f6,ZtbS4kZo6BjjqSPZLo9eFgy7c5q1qeR6WmNZPDtgRd8isb9,YXtTn8KSi72xTirsLkUsjrzUPGrssJ2PqEfQwNK6MK4HkQ1,2.139374,true
711581-5,2021-11-24 02:38:36,711581,0x025708f3f61eca6a71ea8e123498f8c4ab24ee2e510be96fca7720ccf5de7c3f,ZtbS4kZo6BjjqSPZLo9eFgy7c5q1qeR6WmNZPDtgRd8isb9,YY3KVru5wbC2DYbM1vHKNkgcvK4xy5d1ABjWWe9PRD5J5dy,10.479463,true
711581-6,2021-11-24 02:38:36,711581,0xae7c2cd1b4c499d834a8cc6699701b3bf885239dff0ce60601fc6e7069d42ecb,ZtbS4kZo6BjjqSPZLo9eFgy7c5q1qeR6WmNZPDtgRd8isb9,YZkjeE3o46b2HVVzkv513rXkwD42mYTEfPmQpB2spnpFQ42,2.229335,true
711581-7,2021-11-24 02:38:36,711581,0x5bfcb7a4eadcbcf914061bf74be915f8877ea5259291e3166b4a429debb2a4a8,ZtbS4kZo6BjjqSPZLo9eFgy7c5q1qeR6WmNZPDtgRd8isb9,YaYZqsRT9pwUjXARbYXKGcyDGVuwVPzk4dEuiZFarekm73S,1.663588,true
711580-2,2021-11-24 02:38:24,711580,0x45f5575080f1e8f5b5e1fc6b1d184f496f9a621d5288f940679e852c74d9e227,ZtbS4kZo6BjjqSPZLo9eFgy7c5q1qeR6WmNZPDtgRd8isb9,YVSQzRV72bkrdwmaDvZvzf9o9vBRFVE7uMH1o1ggfQtMhci,0.549097,true
711580-3,2021-11-24 02:38:24,711580,0x2b37d58fdea5c12cdec4b19312502ff1ae7443e173603033df437eaf9a83097d,ZtbS4kZo6BjjqSPZLo9eFgy7c5q1qeR6WmNZPDtgRd8isb9,YVteBcSnoVZkLHscQczFYEiqfnpWjJq9ToASorb6eK7s6Kv,0.515712,true
711580-4,2021-11-24 02:38:24,711580,0xffa3969f276d145d66e7669ace4d5063b93ae8ec4f48f6deb344eadcc26b7621,ZtbS4kZo6BjjqSPZLo9eFgy7c5q1qeR6WmNZPDtgRd8isb9,YX6dPgYVkAopbEwbQ7o4HRxC1ekXE1qAbf5haesWb9qZtsZ,0.282423,true
711580-5,2021-11-24 02:38:24,711580,0x8cb74d667dd3a05301d205c497c44974fb5dda7dc26465a25861b35fa28dda78,ZtbS4kZo6BjjqSPZLo9eFgy7c5q1qeR6WmNZPDtgRd8isb9,YXBBe5zhjrg8FhnWadz7EUrVY7LBDU4hBYq2UgRKyMyyWnT,245.769371,true
711580-6,2021-11-24 02:38:24,711580,0xf2cfa35d4111726dd78e6e57a374b0c1b09c95368cd464d2c673ff9dbf6f1f95,ZtbS4kZo6BjjqSPZLo9eFgy7c5q1qeR6WmNZPDtgRd8isb9,YXEedHmm3MEk8DmKpz23URXXBz2w4koRTvmA2BKm9MY3qi5,0.332718,true
711579-2,2021-11-24 02:38:12,711579,0x4e83fca70596bbea63c0c8b3d435fd49d52f083fb81b5fd5edae83cb2570b82d,ZtbS4kZo6BjjqSPZLo9eFgy7c5q1qeR6WmNZPDtgRd8isb9,YTPsnXzJvZXfivNfcYZNhsHP1EmRDVrdsfMkmL2bgKhnxGB,0.795195,true
711579-3,2021-11-24 02:38:12,711579,0xc1fec4b85b04684f726e525a249a3fa13c20c7b858a9f0c580b9b1a3f4454603,ZtbS4kZo6BjjqSPZLo9eFgy7c5q1qeR6WmNZPDtgRd8isb9,YUDN2cehSXwaJvSCanSbmd4mQT8j1Yr4aBP99eSh9ivQoU7,0.354011,true
711579-4,2021-11-24 02:38:12,711579,0x18898ea181835aecac2f328f28af5afb149ec6643b512250ce6298069780b448,ZtbS4kZo6BjjqSPZLo9eFgy7c5q1qeR6WmNZPDtgRd8isb9,YUqLWDXhmBUxEXhDcKfTveBHWeNjy1kd7nMY5Ak5SQMmzwm,0.668762,true
711579-5,2021-11-24 02:38:12,711579,0x96193c8588a54144cce6215e90802c41b7129b0a64acc37efef269f863e685c0,ZtbS4kZo6BjjqSPZLo9eFgy7c5q1qeR6WmNZPDtgRd8isb9,YV7Dr87xudJGnCp9DLnxPTn6vHergndvBcCjJWfUPQt2bf6,4.795971,true
711579-6,2021-11-24 02:38:12,711579,0x6e6f88b5ebcbafa816b9141f8f01fe499fefde5f514f3611ce065a30ecf5595c,ZtbS4kZo6BjjqSPZLo9eFgy7c5q1qeR6WmNZPDtgRd8isb9,YV7YgwTD7aP6Vmn1eo8tEPiVawBPYLqfxVdAmmZBB94A86m,0.665435,true
711578-2,2021-11-24 02:38:00,711578,0x37f735a3f8b7d57e41715ebac02994eddf302bd29bb78d501aea151ad8633399,ZtbS4kZo6BjjqSPZLo9eFgy7c5q1qeR6WmNZPDtgRd8isb9,YPjSdjyzVyuwW9tbyAaThyUG2ZJ7gVUvJg5iLkzyWHXTgBk,3.347333,true
711578-3,2021-11-24 02:38:00,711578,0xe613ae2dfd50b5a932cba1b16e55860e5907f1351a8caefc21a8038a9ee67059,ZtbS4kZo6BjjqSPZLo9eFgy7c5q1qeR6WmNZPDtgRd8isb9,YQLHjGc57ey87D3XRAB7DxGfPcWXB3iF2jKa3ozBvkXWw9m,0.84843,true
711578-4,2021-11-24 02:38:00,711578,0x28fb31e4cc8a5088829c5a26e510830abc2c2b5be49848fe6df829191289ed84,ZtbS4kZo6BjjqSPZLo9eFgy7c5q1qeR6WmNZPDtgRd8isb9,YRdTJmKig9BopkfqBBfccZBjgig3msSxjWySZSidaLZ7NdA,0.983275,true
711578-5,2021-11-24 02:38:00,711578,0xce3bfd2159cf094bd1a700869d0180eb46a2c2514f7d5166932b2d1098258a58,ZtbS4kZo6BjjqSPZLo9eFgy7c5q1qeR6WmNZPDtgRd8isb9,YRdbJKqs6Xv4HiMoPy6nCcWrwL4YrJZnUSmj6EALNpMj5JY,0.332718,true
711578-6,2021-11-24 02:38:00,711578,0xaed2ed47ca24f88bfb5b47d0e95307e8a15b0b4c4d23a7849dda714f902df187,ZtbS4kZo6BjjqSPZLo9eFgy7c5q1qeR6WmNZPDtgRd8isb9,YSJfJ8548SBK4DZ4hkJq4yKwZTZZDztWWE72Z5nGzAoU4up,0.559744,true
711578-7,2021-11-24 02:38:00,711578,0x32d0505c3f9996735cda10707279eaa6ee1ce9a5b6f2823157fcff6b0b14f23b,ZtbS4kZo6BjjqSPZLo9eFgy7c5q1qeR6WmNZPDtgRd8isb9,YSemNc3ibcMusyCqxr8oQUCN4R7ccwMV9QvDK64bvCTDGoR,1.545462,true
711577-2,2021-11-24 02:37:48,711577,0x8f1a0a16a6059a07ea7f80d386f5a6d0c2fec6e19d40aaa0eaf43cd895566f9b,ZtbS4kZo6BjjqSPZLo9eFgy7c5q1qeR6WmNZPDtgRd8isb9,YLiu4MDqHqoFdrZ2WNXRWmSuo2tnEPe2qvnX8kP3CStfXAR,0.503402,true
711577-3,2021-11-24 02:37:48,711577,0x2db62fa690f218367312356b202fa6b4401c8cef84d025762a01d50ed10d9e39,ZtbS4kZo6BjjqSPZLo9eFgy7c5q1qeR6WmNZPDtgRd8isb9,YMLVdKyTW5QmxihchErcrKEBfwE7NYcSHCg4vvYThUingDH,0.815158,true
711577-4,2021-11-24 02:37:48,711577,0xd92856e82d1f12de22cd99309132106ff33452a6b72b42a9ace81e4621ee563a,ZtbS4kZo6BjjqSPZLo9eFgy7c5q1qeR6WmNZPDtgRd8isb9,YMU4rSR2NKCpgFToZ3R9SxsqWgxVXwS1QgjX721d1tkjndA,3.327175,true
711577-5,2021-11-24 02:37:48,711577,0xe7add43e99e4535e00709aa44cb3ad45d29735be5570bfa82f3221145159279c,ZtbS4kZo6BjjqSPZLo9eFgy7c5q1qeR6WmNZPDtgRd8isb9,YNwz94gv2F85JuFhXgC8gKWsijEu5i5tcr68TEqY9CvWBbG,0.998153,true
711577-6,2021-11-24 02:37:48,711577,0xeaaa4fd630d0b82939ab39f6d63a2dfad9ceba0c6058636d09cfd7a995116ed2,ZtbS4kZo6BjjqSPZLo9eFgy7c5q1qeR6WmNZPDtgRd8isb9,YPUhuTzqaVosTPL562xuqWwSkcEoD9npbF5hwmFku8cAxBz,0.781886,true
711577-7,2021-11-24 02:37:48,711577,0xc03faba7ae2fe09a3c7157a2f330afccf92f11230701df31a79fe8303971d4a3,ZtbS4kZo6BjjqSPZLo9eFgy7c5q1qeR6WmNZPDtgRd8isb9,YPZhaMpWYA1riCkMbSTPjFEw5qJHbM4PVr3WqF8bgTE93Q8,0.624078,true
711576-2,2021-11-24 02:37:36,711576,0x28568c338bad75aea3469d6f6107c5b93bdeae9024cd4e4d1a81a15fb50c7d26,ZtbS4kZo6BjjqSPZLo9eFgy7c5q1qeR6WmNZPDtgRd8isb9,YFEftnmfEbGsh6sMFBNzo9gW7F15RdmaLFviqLRUnX9ZWsh,3.854059,true
711576-3,2021-11-24 02:37:36,711576,0x1cbfcdb4dc86bbfde0c8ec2d828ee22e66e54f88fd3a6f13f9ada3d2063615e1,ZtbS4kZo6BjjqSPZLo9eFgy7c5q1qeR6WmNZPDtgRd8isb9,YFG8VXT34kVNkSp9iaGSG5Za68SvE5N6r5KoiELwdLWnLrQ,0.332718,true
711576-4,2021-11-24 02:37:36,711576,0xf0e06a2614058eb9a0ae8c2f33f4850eabb0ed912bc1dd47d5235376f14c9d43,ZtbS4kZo6BjjqSPZLo9eFgy7c5q1qeR6WmNZPDtgRd8isb9,YFY8BiMeaCS3T1jnGmaZ6k4gyePpFBMRQtPkmh9SA1J4JgY,0.515712,true
711576-5,2021-11-24 02:37:36,711576,0x0320743acd634926c8957abf0ad7eedeb1a53831af6f62a390d7c4537d094525,ZtbS4kZo6BjjqSPZLo9eFgy7c5q1qeR6WmNZPDtgRd8isb9,YFgpUyXuTiZeGkRNjCYuyZFGjXuQDiACL9RvrMmvJpXDPC7,20.976842,true
711576-6,2021-11-24 02:37:36,711576,0x74064dc0478fb8fb641d2887b11663adf4067affa7e92b0c32834d61082e4914,ZtbS4kZo6BjjqSPZLo9eFgy7c5q1qeR6WmNZPDtgRd8isb9,YFnYBFDLqyUX5TDBxAGSJtNgAMmS6jHYsz8JV6kZEnZ6kq1,0.332718,true
711576-7,2021-11-24 02:37:36,711576,0xa6d42e900a44bd92af5d47ade6afcbcd849513d21e23ec650ea917c1590f6263,ZtbS4kZo6BjjqSPZLo9eFgy7c5q1qeR6WmNZPDtgRd8isb9,YJany4DCtL4Q7BKD6QAPp1fJNMp57hghNr5itCSZtCMK7qm,6.554535,true
711575-2,2021-11-24 02:37:24,711575,0x6d5c620fc6c419307bbb1a4d9896468b3f8cf7bf39c9a4e3b656f70327d9f0cc,ZtbS4kZo6BjjqSPZLo9eFgy7c5q1qeR6WmNZPDtgRd8isb9,YCiiC6rcXbLcZqo5NX5JobocZ1uP2WCB8hifmNih8N6cZhP,15.804083,true
711575-3,2021-11-24 02:37:24,711575,0xe8282b66b56e1da00d875a1fb23d06c7729e495018c98e5806a3d6037bf5c634,ZtbS4kZo6BjjqSPZLo9eFgy7c5q1qeR6WmNZPDtgRd8isb9,YCpmY3QiMhpNwEJAptYCd58cEfRbT3rcPSRdX55zTFNnhJa,1.044573,true
711575-4,2021-11-24 02:37:24,711575,0x517f05ecfe2101b0b8c20cf7a65a740b2e7aaef8ad642154d540a10301eb95b7,ZtbS4kZo6BjjqSPZLo9eFgy7c5q1qeR6WmNZPDtgRd8isb9,YDRWtyG8QjTNi829iho9iFBqEopM463A6yLCt7gwW4ubUqC,5.509802,true
711575-5,2021-11-24 02:37:24,711575,0xd064b91b6ee95aa53467f34132daebce303b39a43632ac0898c6fca9af08df1c,ZtbS4kZo6BjjqSPZLo9eFgy7c5q1qeR6WmNZPDtgRd8isb9,YDadWTsqbSvcJgFgPp9HqpEL7ceD2QauN4tXFczVFz6tb7D,2.465437,true
711575-6,2021-11-24 02:37:24,711575,0xb797e8190dc510262a4f67631a0f7be91f9402931df0610426f2e67479fc83b5,ZtbS4kZo6BjjqSPZLo9eFgy7c5q1qeR6WmNZPDtgRd8isb9,YDyaRZdwusdx942GFVV8AMbqgKTFH6venD6iwR5Ap9v8wky,2.665067,true
711575-7,2021-11-24 02:37:24,711575,0x3c60e82e66ea3003ce6a3c589dde5d62226539b249c955e0fe7022fa166b6ac2,ZtbS4kZo6BjjqSPZLo9eFgy7c5q1qeR6WmNZPDtgRd8isb9,YFD6PfBxGXk1i9VeAaMJ1J5XXMFsN5S5Z6n2w6CUEj8KToU,0.332718,true
711574-2,2021-11-24 02:37:12,711574,0xd2a25af8a7aa7636e4bd440b7a9555328597047c9c9923ab11d265d86441c4e8,ZtbS4kZo6BjjqSPZLo9eFgy7c5q1qeR6WmNZPDtgRd8isb9,Y8Fr9aGc2ZPEaF2bz5K6qUbFEd2htknFLVGk7baxgNiddDo,0.365989,true
711574-3,2021-11-24 02:37:12,711574,0xe371fb2b3733ac832895b16a55330cfb74aa95b39a6744788ade350c2a8338e1,ZtbS4kZo6BjjqSPZLo9eFgy7c5q1qeR6WmNZPDtgRd8isb9,Y8HvGyUbH5xn2G17yZbefnHMCiLfvr7JrBzZMt7tbQdM785,4.110725,true
711574-4,2021-11-24 02:37:12,711574,0xb64c32fc5891feb28d7b354ad90432565d0d5ada6f9abe96b73a14f82b63a375,ZtbS4kZo6BjjqSPZLo9eFgy7c5q1qeR6WmNZPDtgRd8isb9,Y8JAoMphmTN6bXREJB3Q7wNvKRMT7j2YLDh48c9MK4gMfCB,1.663588,true
711574-5,2021-11-24 02:37:12,711574,0xfda2423004b4430dcf18d321d0a36ca9e61b31a7c60d2d30107cb85bf09afa64,ZtbS4kZo6BjjqSPZLo9eFgy7c5q1qeR6WmNZPDtgRd8isb9,Y9gdgx8Wv11sUk4ZyCVRydgxSAbsjoNx2d4ABYxF4Fhqu5u,0.665435,true
711574-6,2021-11-24 02:37:12,711574,0xfbd4ec803f1278539f32cd5e5eacb90bedcacac86f7fb554a8c790a06c4160ab,ZtbS4kZo6BjjqSPZLo9eFgy7c5q1qeR6WmNZPDtgRd8isb9,YAmnQUJoRdwpNbXVEiVwn8CSHkmgx8U6yWt5zN3rnYTaQvv,4.215531,true
711574-7,2021-11-24 02:37:12,711574,0x91d9134cdc9c66143a87c32624f8fdc3879a272366f8349014f0413fcdf30e71,ZtbS4kZo6BjjqSPZLo9eFgy7c5q1qeR6WmNZPDtgRd8isb9,YB4MAU39fLfSzsUogHjWTKmzNEA4ax31WzxYRiABnYomoyF,1.00148,true
711573-2,2021-11-24 02:37:00,711573,0xdbccd160cee1c1d28d18363fb1cbd7ecdb233cf39071c175e7901d40b375a215,ZtbS4kZo6BjjqSPZLo9eFgy7c5q1qeR6WmNZPDtgRd8isb9,Y4qjYLtw9ztXWF92XHqZ7RQqqR9TN8KwyC46QSbwUUq8U5o,1.014788,true
711573-3,2021-11-24 02:37:00,711573,0xfb4058cc53064d389bb249ef2c41562a00de08e38be9eb902cce89d53b3d1ea1,ZtbS4kZo6BjjqSPZLo9eFgy7c5q1qeR6WmNZPDtgRd8isb9,Y5Frw5DDW5CQqykAVyCUZm75HhkJZ1aEbzDpJRDT3PcdNLh,1.364142,true
711573-4,2021-11-24 02:37:00,711573,0x7be41ca51c9f0116b123a14134a2c563cdfed13eee83817adbb6b7a1aa490823,ZtbS4kZo6BjjqSPZLo9eFgy7c5q1qeR6WmNZPDtgRd8isb9,Y5NeMKTU6wocE6oSoS5w2dXJkNieDWCSRTNTbEmKMFJgzTV,0.332718,true
711573-5,2021-11-24 02:37:00,711573,0xaa61f46d07c81fe811db09b1b1e9ad9c5b1391d5233391dd3bc033d92df2430f,ZtbS4kZo6BjjqSPZLo9eFgy7c5q1qeR6WmNZPDtgRd8isb9,Y5nUrjNzWhWEd6qHCW3KDrMaBqCfTJ3dSjubjCPdJpuwZWZ,0.46647,true
711573-6,2021-11-24 02:37:00,711573,0xe3f292a53302ad47d0da71ec56af8d1e28fe4d4ede5bc9deaa554d8f949f9209,ZtbS4kZo6BjjqSPZLo9eFgy7c5q1qeR6WmNZPDtgRd8isb9,Y6TRRUfqXm583TonUPEpxb7xqaW5DPDGz4srTftCwXiU9Ue,0.146895,true
711573-7,2021-11-24 02:37:00,711573,0x1b8cd2fb3c7425093cebf49ba7fcbe9f65bc75b95b87862c85971b73a1f0b55a,ZtbS4kZo6BjjqSPZLo9eFgy7c5q1qeR6WmNZPDtgRd8isb9,Y7TrY2iJiDuyC8mUBqmZFrJrSdd55oAr92KeYsiGXWaZcB2,4.990763,true
711572-2,2021-11-24 02:36:48,711572,0xa940e3a787af5d536266df555f89e3a288a10eff35059e7692f87196c741cff2,ZtbS4kZo6BjjqSPZLo9eFgy7c5q1qeR6WmNZPDtgRd8isb9,Y2Cr9xb294How5vc49iFttec7NThrb6Q6j9TT1BVGckTfrL,3.327175,true
711572-3,2021-11-24 02:36:48,711572,0x21c9c0259c2f1ea5c1427b30695d36a26c42decd13740c2cfa35d5867cdde876,ZtbS4kZo6BjjqSPZLo9eFgy7c5q1qeR6WmNZPDtgRd8isb9,Y2QAqeBEwc7rhxGktCKtz2H3raRYGH6utng5eC57BQX5A54,0.422551,true
711572-4,2021-11-24 02:36:48,711572,0x308f50e4162b9ddaff3a2e71f2de5a0e016cef007634c5b848e973147c28df0e,ZtbS4kZo6BjjqSPZLo9eFgy7c5q1qeR6WmNZPDtgRd8isb9,Y2QFVWR1wwcHrvnPdaSN8PsFDPtckNtqyUckhMCNW4rqHQ5,0.84843,true
711572-5,2021-11-24 02:36:48,711572,0x69d8e71b41eeb3e1932e9457ae44a50f36702e62b8780cc3e5917ba17a8b780f,ZtbS4kZo6BjjqSPZLo9eFgy7c5q1qeR6WmNZPDtgRd8isb9,Y2xhMLokx1npBeof6SHhsUewUBPCYer9n1yVZDdSAt2YWqL,0.831794,true
711572-6,2021-11-24 02:36:48,711572,0x7a4fe1a7c07be6f25375475c5ce26e8e2c19d0bf8e168105cbe0e24722f8622f,ZtbS4kZo6BjjqSPZLo9eFgy7c5q1qeR6WmNZPDtgRd8isb9,Y3ZAMCJnxFT55jZgakyBnxBaqvxYt23WJpnLwziqbFfLjRT,2.66174,true
711572-7,2021-11-24 02:36:48,711572,0x4c4901b7f27f6acead0eeea039c6a3e028d314e3d9fa5be2ec49c2acef68b6ca,ZtbS4kZo6BjjqSPZLo9eFgy7c5q1qeR6WmNZPDtgRd8isb9,Y4psoi65DrmdVBtiAKTWyWiiSYNYJFNmswUUPbQpQXtpkCE,8.983373,true
711571-2,2021-11-24 02:36:36,711571,0x6ec56f506ce25a4757a26cf4346f58277fe62692de212016987e069fff2efab6,ZtbS4kZo6BjjqSPZLo9eFgy7c5q1qeR6WmNZPDtgRd8isb9,XtAChUyh2CENAmQP2NYAJEqu4tdZ4TdRdJnFCfNvaFC2kMJ,0.499076,true
711571-3,2021-11-24 02:36:36,711571,0x96c76a6f9f8cae6fb953ce14a1f2e7c8559ce051efcd1cc2dd87e7a5f3ebe866,ZtbS4kZo6BjjqSPZLo9eFgy7c5q1qeR6WmNZPDtgRd8isb9,XtfizqFDPAePsgARguZ1ZhQWQLntZrPG3dmJMnJFGFxzaQh,33.271753,true
711571-4,2021-11-24 02:36:36,711571,0x8b3e4707e13c5f19b1c8105ea67d89108a509ddbdbc662c8eb6326a3d24a99b6,ZtbS4kZo6BjjqSPZLo9eFgy7c5q1qeR6WmNZPDtgRd8isb9,XticKYK1Zr3wyREPkdNqeL2x5wHXqAaHxbgqLkeCSrmurCq,1.883111,true
711571-5,2021-11-24 02:36:36,711571,0xc472a212994f4ecf64a143e3a8e8fcbd7a0f64c19df6930ec328c4f0f5a71990,ZtbS4kZo6BjjqSPZLo9eFgy7c5q1qeR6WmNZPDtgRd8isb9,XwEBvxjPJqR1v8KjoT3N5ftYPphHsr3eUTmYaSFBgcpfQiT,0.998153,true
711571-6,2021-11-24 02:36:36,711571,0xd3d0537c40127bca9d66a99cd99b921769861aa0d8d79278d91d2599494bb4db,ZtbS4kZo6BjjqSPZLo9eFgy7c5q1qeR6WmNZPDtgRd8isb9,XwGwMAHv1aZcTNoXKm79nMqwoUgGx3KqKxtX2PUKrKd46ey,0.332718,true
711571-7,2021-11-24 02:36:36,711571,0xfe64f2e21c21dfca9c36a2bd5e4707e827f7714da6458570a23e89487fd5507e,ZtbS4kZo6BjjqSPZLo9eFgy7c5q1qeR6WmNZPDtgRd8isb9,XwVfV4FReUAhUbPeAmJ9C6RQC7Jom5qHNHe8a4YxvFRepxF,1.320091,true
711571-8,2021-11-24 02:36:36,711571,0x6f48ab841f14dd3a8c94c59f2221476dfd794cc762531fb655a842563e9ba509,ZtbS4kZo6BjjqSPZLo9eFgy7c5q1qeR6WmNZPDtgRd8isb9,XyY6AibvdpEnxbfTB3ATWUNEm1VVQ6Az7wmJ1ExGf6NhDn3,0.688725,true
711571-9,2021-11-24 02:36:36,711571,0x9f7e39a4058ddbe2a6b96df28cd37b25b43fa2d591e4fc4ec7df9fe6482730b8,ZtbS4kZo6BjjqSPZLo9eFgy7c5q1qeR6WmNZPDtgRd8isb9,XygTbUVHCZZN8D8dZdVABkR54MCuwMVDkgKRfj6qDE2UoNf,0.357407,true
711571-10,2021-11-24 02:36:36,711571,0x07d0207efb1e45f70052bca4f797f57500db90c37f59e7ceed9e3c5173e01909,ZtbS4kZo6BjjqSPZLo9eFgy7c5q1qeR6WmNZPDtgRd8isb9,Y29tk9mr3m39gn97JJ1a9WxmmUcfik4KKYasbPFqQTcND9Y,0.332718,true
711570-2,2021-11-24 02:36:18,711570,0x732980da5c58175decb3c3b3615c11e481f14597bca96ee512b8a1322108812d,ZtbS4kZo6BjjqSPZLo9eFgy7c5q1qeR6WmNZPDtgRd8isb9,Xiq2Up5wZAyJUxM5YhJa9WdZNirv92CoRmGGVE1igwz2Mxh,0.815158,true
711570-3,2021-11-24 02:36:18,711570,0x633dc993d4f25315d23f10eb7b1d5bf01926969076ede39c8c777497fb07f8b7,ZtbS4kZo6BjjqSPZLo9eFgy7c5q1qeR6WmNZPDtgRd8isb9,XisK3dNjt9Li6ZKjpQ4ia1C7MCi86qko2iGR9GmGt4tt72L,1.996305,true
711570-4,2021-11-24 02:36:18,711570,0x59bdab260d43a84813a414707812605ae6cff929efc80bd0f5eeffc7659d80de,ZtbS4kZo6BjjqSPZLo9eFgy7c5q1qeR6WmNZPDtgRd8isb9,Xitvi61Hb4FMDnd5wcZ1fcKL8LYGMVzHUGvhotwx3kSciZ5,1.537155,true
711570-5,2021-11-24 02:36:18,711570,0x3cc49af26d1d176a7a97b1a4d0d3af4b64a6a41d6c95702e710a3b28fee371da,ZtbS4kZo6BjjqSPZLo9eFgy7c5q1qeR6WmNZPDtgRd8isb9,XjerrB5tv2MRvihvkffkgPuGRqFrrxhXuYBvgNemSq2pZSZ,1.663588,true
711570-6,2021-11-24 02:36:18,711570,0x4c8a3cd2f8b4852776da5aede1702d80de71cf26c4326c3281e453beac0d4673,ZtbS4kZo6BjjqSPZLo9eFgy7c5q1qeR6WmNZPDtgRd8isb9,XkfZFKGStduyabr5izjyZaBNBTUGeGzK7ULuf1siLbnsxZk,1.33087,true
711570-7,2021-11-24 02:36:18,711570,0x08750b40170bce6b2bb6efbf7ca472b8da1157bb98106abaf5b67fd751e69748,ZtbS4kZo6BjjqSPZLo9eFgy7c5q1qeR6WmNZPDtgRd8isb9,XkpxFXvwBiXQD6Snt7QgSumVBkGNERfgmRotWjjzCi2YDdy,128.83721,true
711570-8,2021-11-24 02:36:18,711570,0x49d8dd2b4bdb0d45dcbb2a525280582aa5e5744aa1c98e650f9e1c947e42e75e,ZtbS4kZo6BjjqSPZLo9eFgy7c5q1qeR6WmNZPDtgRd8isb9,XogzePzsnKJKf9ZHjz7dR5rTf9JmiVeRZNdi99HsmwHwX7k,0.332718,true
711570-9,2021-11-24 02:36:18,711570,0xc3dec768bef5a8b7af2c32d695d9282ccde167eb654da1c83d4fe269279e5edf,ZtbS4kZo6BjjqSPZLo9eFgy7c5q1qeR6WmNZPDtgRd8isb9,XqrFMjfgMebPnC8tBrX68z9A8V4dRa9A8d7rducmMtPG1WB,3.127545,true
711570-10,2021-11-24 02:36:18,711570,0x638775b505ecc8b23445c8428658edcdb63572b112fca993c366d14ef6b64159,ZtbS4kZo6BjjqSPZLo9eFgy7c5q1qeR6WmNZPDtgRd8isb9,Xr5zYNHq4JQNMsyFPHNwbKdejBtg9cHJdm9smTkDqm3JW1Y,1.706841,true
711570-11,2021-11-24 02:36:18,711570,0x112bf59ab616df2dcde550898625110759be166211b2f41a3f3a2103266fa332,ZtbS4kZo6BjjqSPZLo9eFgy7c5q1qeR6WmNZPDtgRd8isb9,XrEK7dQjHjqGo3EidpaciM7b9zf4q4A3qMc593cbAw7hsPD,0.336045,true
711569-2,2021-11-24 02:36:06,711569,0x45453c5bcc4f79b246210b258146c3dc9bc31a99c761f1ccd15f0bfe34ca42a1,ZtbS4kZo6BjjqSPZLo9eFgy7c5q1qeR6WmNZPDtgRd8isb9,Xib4GsSyA3iya55M8UMeehunTmUCPDvaYZQk7NPecG7CX6D,0.336045,true
711569-3,2021-11-24 02:36:06,711569,0x5262919234d3074911ecbe9bd92b4bd179eb7744006eb5eafa11d29aedc9de59,ZtbS4kZo6BjjqSPZLo9eFgy7c5q1qeR6WmNZPDtgRd8isb9,XihnDVADLTeeEFRVdh3T2z8vYj8gTPWoihY5er15osQ3tjQ,1.33087,true
711568-2,2021-11-24 02:35:54,711568,0xb6621da24ce78129b29dcca87b8cc5f432f27dba26960c99df2686aa8e316424,ZtbS4kZo6BjjqSPZLo9eFgy7c5q1qeR6WmNZPDtgRd8isb9,XMUC5yszne1avDW5wBPsi8pTRLb8TGfnRcBjKsBxVrFaU8q,0.332718,true
711568-3,2021-11-24 02:35:54,711568,0x30c9902c2737a26161fbee23fd9fa3f95fc8564338e4d2f6e24923f25541d0d4,ZtbS4kZo6BjjqSPZLo9eFgy7c5q1qeR6WmNZPDtgRd8isb9,XMcWqqtHm9G2Bgq5bTvpP3w79uhh8ajmsqm2PtE8ZRQbQY7,4.491687,true
711568-4,2021-11-24 02:35:54,711568,0x426109e7c38d9f1deac1a089bb10d04c12fcafe26936316fdcba364e43903282,ZtbS4kZo6BjjqSPZLo9eFgy7c5q1qeR6WmNZPDtgRd8isb9,XMetaczL1nG9pLn5MfQH3piVNK5s5qbBTPYtLoXd55wV4MV,1.663588,true
711568-5,2021-11-24 02:35:54,711568,0xf8f5be7a75b5255a8e3aeea854706d710dc3831685c2e45506d7e0b935a2e29e,ZtbS4kZo6BjjqSPZLo9eFgy7c5q1qeR6WmNZPDtgRd8isb9,XPYhBCDnCrZTP6Fef22kbgdU587upXze6m6YtjfkDgaYzzW,399.261034,true
711568-6,2021-11-24 02:35:54,711568,0xbd86ae5b7b8c587a1b86868e3a413f21bb22b1e3a7b3106bee223e4440218297,ZtbS4kZo6BjjqSPZLo9eFgy7c5q1qeR6WmNZPDtgRd8isb9,XPZhrU63FAMCuBD9KQu4jSM1VyS7oGh3RykzhFiGiMvJdoF,9.981526,true
711568-7,2021-11-24 02:35:54,711568,0x928d5a60820f44aac380efe804eea944431fc8cb8e8caa596ffbcc8862a5ee58,ZtbS4kZo6BjjqSPZLo9eFgy7c5q1qeR6WmNZPDtgRd8isb9,XPw95ks1ojYdms6dkRovvNSSdNkJcbP3MGwrTnoeZbffSCh,0.320716,true
711568-8,2021-11-24 02:35:54,711568,0xed29a5a6b875478f99b0c2901dc06c8cf6b6dccb68f29831012f9a8fab2055de,ZtbS4kZo6BjjqSPZLo9eFgy7c5q1qeR6WmNZPDtgRd8isb9,XS9m8epXHKwRDYZ9XnrCC1Xv3gW3HUquoAhkSxVq7pfcrQc,0.45187,true
711568-9,2021-11-24 02:35:54,711568,0x2c06f3b90712b8b13d6da9e060029e57b9dcde8090f78b6abb7642ba83e9c453,ZtbS4kZo6BjjqSPZLo9eFgy7c5q1qeR6WmNZPDtgRd8isb9,XSR8PXDAxteNZHRFqT1DXabcswtQvTer88Xy5xMQdzz3MLR,25.368847,true
711568-10,2021-11-24 02:35:54,711568,0x2a3e6c4776f66a16551f5c80f36e8d2aba6d4573038908b31938ef528de0afd8,ZtbS4kZo6BjjqSPZLo9eFgy7c5q1qeR6WmNZPDtgRd8isb9,XSUoqkaa2xGSb5ZxgqQYR8bBiYiooYhDdPwP7cQrp3oAgEF,19.965048,true
711568-11,2021-11-24 02:35:54,711568,0x9e215b64eda94b5710a906edec6cacfb6992aa745bc60a48b0e6ee4465469d21,ZtbS4kZo6BjjqSPZLo9eFgy7c5q1qeR6WmNZPDtgRd8isb9,XSfeDaTPchBfqKUDHqbaKW4ygwH82pMRRwH4x8YUWCRvAEa,0.060031,true
711568-12,2021-11-24 02:35:54,711568,0xc4692cc246ffd7ce674268dc4da4ed2c2270b2f4207e630a1cd7419dffbbde9c,ZtbS4kZo6BjjqSPZLo9eFgy7c5q1qeR6WmNZPDtgRd8isb9,XV6DGtyaVhMRZyNt94zFpUJBioPJqaWDJSJSU3APoCifqag,21.136905,true
711568-13,2021-11-24 02:35:54,711568,0x57455d58380b27acd0d5ab6191a4897b3a57f09c1f0a3ea522f9a5a9004f2744,ZtbS4kZo6BjjqSPZLo9eFgy7c5q1qeR6WmNZPDtgRd8isb9,XVGdLA4GehpW2ke9Ts3LbwRybPzyFKfxiHiQFBufYuQwbVY,0.665435,true
711568-14,2021-11-24 02:35:54,711568,0x353a4568de501d265b1acb5bc5be635ff2165b80527dc89c1c4c05370b28780b,ZtbS4kZo6BjjqSPZLo9eFgy7c5q1qeR6WmNZPDtgRd8isb9,XVX5QjUTky8nVFSt2zAiCd1AQFhkRy2AWVvsCi68tVhEiZJ,3.327175,true
711568-15,2021-11-24 02:35:54,711568,0xa6f56b1cb7b23026e85bcbd1cedd87bd79c0de1d19a04c199b04f7ed248cc0f9,ZtbS4kZo6BjjqSPZLo9eFgy7c5q1qeR6WmNZPDtgRd8isb9,XVapCM2qDLMSuPsYeH3aEV2NHMRr3jyRZqMFoRVYw1C931h,0.981517,true
711568-16,2021-11-24 02:35:54,711568,0x7366f02fb9ef5e94de70fac2f87f9de61cfddafcb94877d1620ce6d2371414cc,ZtbS4kZo6BjjqSPZLo9eFgy7c5q1qeR6WmNZPDtgRd8isb9,XXYrUZP6Tx255ANa7Yr7RctCnaHv9XEpBBVGRJeA6fLiGXQ,0.409243,true
711568-17,2021-11-24 02:35:54,711568,0x254204950975b9769a822de74e4487554e3238eac149e2bbcdb16dcad8ed88b3,ZtbS4kZo6BjjqSPZLo9eFgy7c5q1qeR6WmNZPDtgRd8isb9,XXq8nyfzPgzaoWC8AwhJYB3C4s7VDCHYpctnuvRMqbwk2FF,7.193353,true
711568-18,2021-11-24 02:35:54,711568,0xd90452ff68320a1762cbf1e49db653d5330337cad988b0e0985daca1feee63dc,ZtbS4kZo6BjjqSPZLo9eFgy7c5q1qeR6WmNZPDtgRd8isb9,XXrjJov7aNyJSP4QbXSKBzaEiY36vyiWrqzu84pT1rFSEY4,0.342699,true
711568-19,2021-11-24 02:35:54,711568,0xecafcad6252c9b6ea20d01209a0d7c7f1bf00e7935f12c58e9d9496d4975d238,ZtbS4kZo6BjjqSPZLo9eFgy7c5q1qeR6WmNZPDtgRd8isb9,XXrnSCsYxzwuQeqwkGpdRJzrpr9kFBMsaoABvwoRgQ18Kh4,3.327175,true
711568-20,2021-11-24 02:35:54,711568,0xe06ee400a4c7a9ca07c55eeae27ef23d134c1f81e2d2fb2c3f86cbbf8973a8ce,ZtbS4kZo6BjjqSPZLo9eFgy7c5q1qeR6WmNZPDtgRd8isb9,XXz3JWNFQkcHTX75WLo4iyxNRX7RT8ALFoYTnMmRuPCSiiL,0.334381,true
711568-21,2021-11-24 02:35:54,711568,0xb25fdaf849358152cf470885710635f318c7c7aa9fc17c4b88c91d43b227461d,ZtbS4kZo6BjjqSPZLo9eFgy7c5q1qeR6WmNZPDtgRd8isb9,XZixRj42WkHqppHUhjwWvJWcbNMn6ZRDaNWUtLdTw3hhymY,0.332718,true
711568-22,2021-11-24 02:35:54,711568,0x9090df16be38497424ebc2f557593e8953ba482cb7e83429943b7ec56562a027,ZtbS4kZo6BjjqSPZLo9eFgy7c5q1qeR6WmNZPDtgRd8isb9,XZjsKDYRs8WwPym54mfmb46ptpqMeV9eZcH2stjoyDigvHV,0.489438,true
711568-23,2021-11-24 02:35:54,711568,0x1b68f062d7fde1e3769e510427851702fb5362a5064fcff564662b149796cfc9,ZtbS4kZo6BjjqSPZLo9eFgy7c5q1qeR6WmNZPDtgRd8isb9,XagwWPasPxL3tY7fdN7Whdbaf6fRpnZvgQx7WRx1JVPxgny,0.332718,true
711568-24,2021-11-24 02:35:54,711568,0xb4735e7a710bfa335e1e84e90d2f2fe207badb78bf3ddb676e8646276eb85b4c,ZtbS4kZo6BjjqSPZLo9eFgy7c5q1qeR6WmNZPDtgRd8isb9,XcZwgszdrR9Fxx8Rn9ypMXtPEjcoo1PhrbUdLKuJJEKJGAE,2.104476,true
711568-25,2021-11-24 02:35:54,711568,0x9f3e5699277c9e9902da9657beaf1a74cf3d092ce67ae45aa0344745c30935e2,ZtbS4kZo6BjjqSPZLo9eFgy7c5q1qeR6WmNZPDtgRd8isb9,XcoWBFq6bCsHQ25LX45ruA8MhbCtWozWCVD8yxAJAosGgRM,0.998153,true
711568-26,2021-11-24 02:35:54,711568,0x582cb8a58173fe764fd63da6dd99c580498630e35ffcac17155d507fa7be4d98,ZtbS4kZo6BjjqSPZLo9eFgy7c5q1qeR6WmNZPDtgRd8isb9,Xd3Hgx56dven2QYHtcZh6mDnhEeYpJGK2qXtReStiGSPxQW,1.663588,true
711568-27,2021-11-24 02:35:54,711568,0x64a5845fc24761a2214089e6734bcdf1ba61fbeb78d8a3e7a84894c559121a87,ZtbS4kZo6BjjqSPZLo9eFgy7c5q1qeR6WmNZPDtgRd8isb9,Xd4QcYe2teKzqmg5ScHw2XUe8cSGFrimyGLALZST4pkFeeW,2.985006,true
711568-28,2021-11-24 02:35:54,711568,0x71c0ccb860458f42370fd4ba343e6afe11f211837fb6d3843987465d78e89fbc,ZtbS4kZo6BjjqSPZLo9eFgy7c5q1qeR6WmNZPDtgRd8isb9,XdSZHPoaahEuADUvQ6WPXDZeaVLPgCLp2gRXstAWNkqy9Bb,0.332718,true
711568-29,2021-11-24 02:35:54,711568,0xb33c8c0613f3550c403be8a2f02facf43b7d9c667b5c2cc6f75bb830f516129c,ZtbS4kZo6BjjqSPZLo9eFgy7c5q1qeR6WmNZPDtgRd8isb9,Xf5QrfKKddBJCKX9ZwzLmK6A1df9KYYyFmmaGskkaX7EdGs,175.950919,true
711568-30,2021-11-24 02:35:54,711568,0x22bae766792e7369d7cf19ab250da071cdd9d038bf36e40b18a82077178359ba,ZtbS4kZo6BjjqSPZLo9eFgy7c5q1qeR6WmNZPDtgRd8isb9,Xf95MFvUQh7R4uVPJhdKrmpbYAVJvN5qvG4KTRoeyfxXsz9,2.329023,true
711568-31,2021-11-24 02:35:54,711568,0x1e2ad6cb445873b49261105644cbcf0e8c40d9b94469167d1524db4d46bc134b,ZtbS4kZo6BjjqSPZLo9eFgy7c5q1qeR6WmNZPDtgRd8isb9,XgBaJAuovNWKfxzvX4o2FzfncQ2bCKYe2UrzgzhfGQj83D1,0.469864,true
711568-32,2021-11-24 02:35:54,711568,0xd964637c05366b97164b49a2c94fd2d4356f6aa60bc89d457eccf7ddfca4f14e,ZtbS4kZo6BjjqSPZLo9eFgy7c5q1qeR6WmNZPDtgRd8isb9,XhkLfaQLxJWTF43rkWgyGJMRsy5ygQQdwEA3icrLgwtedNp,0.171398,true
711568-33,2021-11-24 02:35:54,711568,0x7a09223bc8ac9a560402eb19ed9a1634ad667d75f6158fabc8d62dc772f36064,ZtbS4kZo6BjjqSPZLo9eFgy7c5q1qeR6WmNZPDtgRd8isb9,Xhu7ZndWaxvPqeidFPcjVTBZ2wUfj5oscHBSxceudJia9PF,0.332718,true
711568-34,2021-11-24 02:35:54,711568,0x796cb6577bf106f64cee1a49086a90f70e9629b7a4ad39a1c7c406095bd33cc6,ZtbS4kZo6BjjqSPZLo9eFgy7c5q1qeR6WmNZPDtgRd8isb9,XhwCGy4zXzUZd5eLPsuYDNgToW8B6XGE74jc2umh5j24kjz,2.351135,true
711568-35,2021-11-24 02:35:54,711568,0x47b6363e85098848087c88eb12cc6ca979b3bd60194468456042adfb4b15c673,ZtbS4kZo6BjjqSPZLo9eFgy7c5q1qeR6WmNZPDtgRd8isb9,Xi2x1JfB91FKoJmHJ6xescTPdxZkd18xffahj8fC2HKQhMb,0.365686,true
711567-2,2021-11-24 02:34:42,711567,0xc9e3fb917c2b966f0654e0a867aa00bcae228db7eab53736352492d8e4a34cfe,ZtbS4kZo6BjjqSPZLo9eFgy7c5q1qeR6WmNZPDtgRd8isb9,XDQnx7v4V89yAFUqMi82mjfLR21AjxvQVyffmdwSkHTgwh4,25.985239,true
711567-3,2021-11-24 02:34:42,711567,0x6890a4d99e8957a17ec98c482482d5540acebcda4dd9c3aaaaf781dd8addce79,ZtbS4kZo6BjjqSPZLo9eFgy7c5q1qeR6WmNZPDtgRd8isb9,XDVaYfSt1tui3euzapyeTt5cQKXvh4dw2CANRfV7nTrULSS,3.400373,true
711567-4,2021-11-24 02:34:42,711567,0x598746013493cbb3394b33ec9f0ee642f171435aac475c639b69a67cbc32916e,ZtbS4kZo6BjjqSPZLo9eFgy7c5q1qeR6WmNZPDtgRd8isb9,XDdPLubVfadSRVpyVHRWgF85hpA4Aw2HP1YkHQFH4tojrnx,4.838378,true
711567-5,2021-11-24 02:34:42,711567,0x94f6a602cf6b837fa994e95eea79bf31d78d938021e419ca405b0277fd3f3752,ZtbS4kZo6BjjqSPZLo9eFgy7c5q1qeR6WmNZPDtgRd8isb9,XFvHBFANsj9X432iver9xUYiroJ3RZUwSTVcNoqYeh9t1Jn,0.499076,true
711567-6,2021-11-24 02:34:42,711567,0xacbe0bcf4abe3b8f16e84c90109392dd4cc242c81547e0c5e997eb08d10bc464,ZtbS4kZo6BjjqSPZLo9eFgy7c5q1qeR6WmNZPDtgRd8isb9,XGGYz3fTyUGXTHd6oX7cqYThWgUvXiZJ4HN3roQ8DeiS4Mo,0.748614,true
711567-7,2021-11-24 02:34:42,711567,0xa22d961e56c57761dc1ab6110d93920fab1ad4bbb892273c056e11651833efa5,ZtbS4kZo6BjjqSPZLo9eFgy7c5q1qeR6WmNZPDtgRd8isb9,XJNm5pbN65jYrfZ1eRC5tiFW9ZGo6xCu8mcGBPV81xGyMuX,0.332718,true
711567-8,2021-11-24 02:34:42,711567,0x87ad01a7490351a6dafa34b77e4edab42707fbc58d703c2fd78d2ffa3aec8ebc,ZtbS4kZo6BjjqSPZLo9eFgy7c5q1qeR6WmNZPDtgRd8isb9,XJPhezS1qaJN4YVDtMPnPcvExVyiScArrB92F5S3TA4rxAF,10.646961,true
711567-9,2021-11-24 02:34:42,711567,0x15c9acce304ddac281800fb8bbba6902ec6fdd31f87f9e9ee985ea383e4d0058,ZtbS4kZo6BjjqSPZLo9eFgy7c5q1qeR6WmNZPDtgRd8isb9,XLrqspxnrzPUGotRDtiB7VsaDiFH9RU28u9MYwiDZWBzUf6,19.297617,true
711567-10,2021-11-24 02:34:42,711567,0x08b46e81d1c68dc4fd68ffcac88c364f45e8a3d729c397d0c9487f7cf0ed08f5,ZtbS4kZo6BjjqSPZLo9eFgy7c5q1qeR6WmNZPDtgRd8isb9,XM4JmeQm9ziFaPLAGuNeM14xPz8gxzrUxa6vwF8qeKerMpJ,0.499076,true
711564-2,2021-11-24 02:34:00,711564,0x5ff62b2735ec47c4d5b3380a2068133f6684702b971b95bef593003154d11a56,ZtbS4kZo6BjjqSPZLo9eFgy7c5q1qeR6WmNZPDtgRd8isb9,X2VSADaEMQiFqrCdWiBrJctR2ERddXwaeM6R65w8QGUxnSH,11.01295,true
711564-3,2021-11-24 02:34:00,711564,0x73cfafcf93987b56775eb99a4f05b0304dfb5c81aaa90b4189dde5543beadb52,ZtbS4kZo6BjjqSPZLo9eFgy7c5q1qeR6WmNZPDtgRd8isb9,X2nCRbsZ3nTz3hvwsEBdEMkwVnJ7GFVSZ7WSgus7A53PTfa,0.432533,true
711564-4,2021-11-24 02:34:00,711564,0x87413d1e11c58fc01daaf551ea569b7e3a11d39d01cea8764ef2c155f1f4962a,ZtbS4kZo6BjjqSPZLo9eFgy7c5q1qeR6WmNZPDtgRd8isb9,X3VVRRK9gtDbajzZmRczX3ayTfb24XnmPoxe7RV9NU3zXXG,5.229502,true
711564-5,2021-11-24 02:34:00,711564,0xfe5dd41b4ba94488798da1ba1286bc116fe23ae8933df4f67144f41343a6f3bf,ZtbS4kZo6BjjqSPZLo9eFgy7c5q1qeR6WmNZPDtgRd8isb9,X5Hej2bxCtCAq96AXnMgd9qMPBNg5cZzhSFsMzLQ1JpSNCc,3.436972,true
711564-6,2021-11-24 02:34:00,711564,0x6751f9381403c58189865c6411bf918431db6736bd79b3140d37bccde641ddcc,ZtbS4kZo6BjjqSPZLo9eFgy7c5q1qeR6WmNZPDtgRd8isb9,X5pwzHB6WzojpnqQJrSTp8FRSkZA9EFveQURqWq3X17SSgn,2.175973,true
711564-7,2021-11-24 02:34:00,711564,0x84316dea21e4d56df4e6ffaf33598b86b524464a0458a4d248a81e5dc9f21c4e,ZtbS4kZo6BjjqSPZLo9eFgy7c5q1qeR6WmNZPDtgRd8isb9,X5uLqnEqPC71DCNzSDuN7H8wzfV6Zp5HR7WrTVahtT1SJ1C,4.092426,true
711564-8,2021-11-24 02:34:00,711564,0x7f74b62434eb597ca7dca229e19f08087288322540d1ace55aa4b80a0f16fafb,ZtbS4kZo6BjjqSPZLo9eFgy7c5q1qeR6WmNZPDtgRd8isb9,X5y3cDGeHhGBcGNsXR4dueM7uHRJEfcd4giQyfPT2WN4sNm,0.332718,true
711563-2,2021-11-24 02:33:48,711563,0xa1c8c05fccbeb70698d7559c3e1017c6dac427b3749d8dee33701637eb576037,ZtbS4kZo6BjjqSPZLo9eFgy7c5q1qeR6WmNZPDtgRd8isb9,WuCeeEY8WEE95Qsgk18jmQvuDPk16zFvSZMzZZrWctSPchN,0.332718,true
711563-3,2021-11-24 02:33:48,711563,0xb73ec33dde3e70cac6ec9ba19df6b2e4ab33e65da91e71767c9546f79d43b6b6,ZtbS4kZo6BjjqSPZLo9eFgy7c5q1qeR6WmNZPDtgRd8isb9,WuEuLJZYYWSubgw4g9YmqbBCy72TCTnD43kseKHc7pswmxP,52.192401,true
711563-4,2021-11-24 02:33:48,711563,0x51e7d1f0db462a260b8b0a95f6cf51b13fdebcd5aa4e3cf8968070f85f39adc9,ZtbS4kZo6BjjqSPZLo9eFgy7c5q1qeR6WmNZPDtgRd8isb9,WwfqCMpkFuVjCGZnaMhzSHDpw3fcwBGYw87nPgEfKYiqRMo,0.855039,true
711563-5,2021-11-24 02:33:48,711563,0x519af4cc489c59d1479396aee6c3551f6c0a69a7701a60b9a9b803c27eb3fd53,ZtbS4kZo6BjjqSPZLo9eFgy7c5q1qeR6WmNZPDtgRd8isb9,WxC2XbdKXT7o2N5vaR5XGrULQiyjFz2NuHTSekdePv7u5Y1,0.332718,true
711563-6,2021-11-24 02:33:48,711563,0x835694d3ae1f3f92433fb8771f63027d910e75ef675edf5feb260dca883e22df,ZtbS4kZo6BjjqSPZLo9eFgy7c5q1qeR6WmNZPDtgRd8isb9,Wyf54k6Y6sHRMbT6Msn6Gz3e69N657AYHnp7dAg2ne7WaJS,0.820814,true
711563-7,2021-11-24 02:33:48,711563,0x9f03f2fd1e6c2cb1e234070fc8db1d6bf7dd63c33f6be68553ddadab0275f082,ZtbS4kZo6BjjqSPZLo9eFgy7c5q1qeR6WmNZPDtgRd8isb9,Wyg4xH7W7TgAThHJSgmHiNYyKGWjeV6i3ALNsdrDgu5Y8hR,0.998153,true
711563-8,2021-11-24 02:33:48,711563,0xd9413d4dd422d8fab50ebf4fbbeff93ac1ecfe61fa0e69a273e0847f8c5d4731,ZtbS4kZo6BjjqSPZLo9eFgy7c5q1qeR6WmNZPDtgRd8isb9,WznQUARPGiFyrYAyeCghRJs22WnAr6jqS9nSw7bvLdznv7f,9.602573,true
711563-9,2021-11-24 02:33:48,711563,0x0df56fc6e88975e301f1117c44af7f9f3d153231fdf09d6dc8a19253ec32726f,ZtbS4kZo6BjjqSPZLo9eFgy7c5q1qeR6WmNZPDtgRd8isb9,X2G8MNpKB9mzNeohEZugp4Nrfyrt5BpPLvLhFE74W3YfQuG,99.815258,true
711562-2,2021-11-24 02:33:30,711562,0x4734d9780362d180762b9c569f73055717fd6310d663e4beed3034b3c3914f03,ZtbS4kZo6BjjqSPZLo9eFgy7c5q1qeR6WmNZPDtgRd8isb9,Wkt6B8VB3YQo8Cet3bupq5rcKRPNHHFGim9eJ1VA8PeVyrN,33.271753,true
711562-3,2021-11-24 02:33:30,711562,0x313a86daf193ec2befd04f5e52fa0f25302521da51d8801c66e1c8edfce3ead8,ZtbS4kZo6BjjqSPZLo9eFgy7c5q1qeR6WmNZPDtgRd8isb9,WmEMbBivr6YhGFvfQUQiuu5XoDwwTVkS48hkKxm9RZtbV6S,0.432533,true
711562-4,2021-11-24 02:33:30,711562,0x44dc4814670c71cf6ec2eeabbbafe3e504e7463653b2efc85d9f9573b969fc5e,ZtbS4kZo6BjjqSPZLo9eFgy7c5q1qeR6WmNZPDtgRd8isb9,WmLMpKJFcnLZBv65djD3eY3sBaXXyrTRhnRpXDJroxFY2Ln,6.654351,true
711562-5,2021-11-24 02:33:30,711562,0x5cc06856fecf2c6924e1342034b86b88ebcb16c87b9dad9d63f5506253d79f8d,ZtbS4kZo6BjjqSPZLo9eFgy7c5q1qeR6WmNZPDtgRd8isb9,WmoZQ5dkN7o7g6iNo6c4PTtK5zkhbxxxsUULuFmurETpBiH,3.327175,true
711562-6,2021-11-24 02:33:30,711562,0x219525284e6a2dc87f16638d02b578bf498231d1b42cfb01888214382a2226d8,ZtbS4kZo6BjjqSPZLo9eFgy7c5q1qeR6WmNZPDtgRd8isb9,WmxKSedF9ZwVZDSWbfKDCuP9ZvMM6Wdg6jso1iPHh1kMY1x,0.332718,true
711562-7,2021-11-24 02:33:30,711562,0x9e71b2d1b884f5c473c49df6cdd72c6a080652888000215b20e73738c38a3fd4,ZtbS4kZo6BjjqSPZLo9eFgy7c5q1qeR6WmNZPDtgRd8isb9,Wp1RwBoSLTG3P7ydYG2zZ7mxVcyMCBaQuSQBn2mUV5bANfD,0.332718,true
711562-8,2021-11-24 02:33:30,711562,0x2c4c62e74107b1ae38f7460482ca343956163ef043b71899e4da976d3f11eb0e,ZtbS4kZo6BjjqSPZLo9eFgy7c5q1qeR6WmNZPDtgRd8isb9,WquvJCbpXsXGtbEWvW98phMwdaRwSW5oyrSix7rH2iGG5nF,0.445841,true
711562-9,2021-11-24 02:33:30,711562,0x5b977a00fe1bddaa54d52b5b16a48c6f2f687820b6e3878a0b69c1b8464e8b8f,ZtbS4kZo6BjjqSPZLo9eFgy7c5q1qeR6WmNZPDtgRd8isb9,Wr2oBTc11BQLB4bbtmB3S7L4KtiHk53nN4oJqvwcU7muH7H,0.332718,true
711562-10,2021-11-24 02:33:30,711562,0x0df8fdf9e2e636e004165bbc32faa0597ff2f19f2a4bf745e436bbc5d427fca4,ZtbS4kZo6BjjqSPZLo9eFgy7c5q1qeR6WmNZPDtgRd8isb9,WtcBo6iG2YbZA2d2FEg48rAqeyLag8fSFedwYER8QwkSSdB,0.399261,true
711561-7,2021-11-24 02:33:12,711561,0x10fece6213625229264f42eb8a6684590e1ca2291d629092980c7077ba4ff761,ZtbS4kZo6BjjqSPZLo9eFgy7c5q1qeR6WmNZPDtgRd8isb9,WGf1QGaumGVGTgdAmuv2c3u88XYD9mNvNkzhjJazeXxYkz9,3.327175,true
711561-8,2021-11-24 02:33:12,711561,0x9d27d750cace66e818a386a74d1b16d4100e8dbd96062cff471a1a2265b5f0f1,ZtbS4kZo6BjjqSPZLo9eFgy7c5q1qeR6WmNZPDtgRd8isb9,WHGsaodmkTPdmqhvGeeYCLdSqA6GGZpoVZ2gEFbNYAizxjJ,0.532348,true
711561-9,2021-11-24 02:33:12,711561,0xa777733c6dbbf5fc302308890d056db644cf5832e249ad9860a72f71c8feebe4,ZtbS4kZo6BjjqSPZLo9eFgy7c5q1qeR6WmNZPDtgRd8isb9,WJZVAfYbQAkxXjPJWVB7Xs29Q7zSGay2uHCA17SD8qpKE4f,2.147692,true
711561-10,2021-11-24 02:33:12,711561,0x4e70550c6718677dcdb88fb38ebdcb6f035788b7a1f25493bfde740cd2395714,ZtbS4kZo6BjjqSPZLo9eFgy7c5q1qeR6WmNZPDtgRd8isb9,WJhys9MobebptYsu1Kfp1bD4x49pLgemfuTtNzaQkPHbwah,1.33087,true
711561-11,2021-11-24 02:33:12,711561,0xcabf2bcd82757d1e7fdde89ed6a41de5b0d2e23c10858933d783c928ab276021,ZtbS4kZo6BjjqSPZLo9eFgy7c5q1qeR6WmNZPDtgRd8isb9,WKSoSc1XeKtQo2RoZYQVWFAZ4MRiBG8eWnWQHWyYH6KVht6,0.736969,true
711561-12,2021-11-24 02:33:12,711561,0x4000be19e52c9ba0069adbc82a61c481dd3b9453687a64e768543fb64cc982f0,ZtbS4kZo6BjjqSPZLo9eFgy7c5q1qeR6WmNZPDtgRd8isb9,WKSs2K1c3nZs8rctvhLt8mA5vPJEMm11Ld8Ucxd9Mugbtg2,1.924657,true
711561-13,2021-11-24 02:33:12,711561,0x87a8742ec18b97918796326d51ebfdddce1f60f46964fe0cda79de64996c98ba,ZtbS4kZo6BjjqSPZLo9eFgy7c5q1qeR6WmNZPDtgRd8isb9,WMHDDs7sCuPUos4BJTmqgKWZVbq7jExPPasStiuCoyQuznf,4.242148,true
711561-14,2021-11-24 02:33:12,711561,0xac977655e89116d81eb9d59243b2d3bd1beeca11a056ec6a7b24546dd0048b7c,ZtbS4kZo6BjjqSPZLo9eFgy7c5q1qeR6WmNZPDtgRd8isb9,WMLnY3nfMK227t63xposQ5jSMPV2ikxkiwUKFDPVwJa3Qhg,3.327175,true
711561-15,2021-11-24 02:33:12,711561,0xb644fe85c71101a7c5dcb6323492b47de3dd1c7a8230291f2d062a8e70764d6c,ZtbS4kZo6BjjqSPZLo9eFgy7c5q1qeR6WmNZPDtgRd8isb9,WMSvemh9Bu32pZ82ovxj1Vm74jnXUVYrNjb6yzPWN7sGqRk,0.665951,true
711561-16,2021-11-24 02:33:12,711561,0x77fa61d872653545fe6a8a48a3021313d339e8d73182ca6351b00016fdf4e4a3,ZtbS4kZo6BjjqSPZLo9eFgy7c5q1qeR6WmNZPDtgRd8isb9,WMhjNEdYGR1KBUAXDLem56xddizFYE6Cdq22g5dTJzGhHJR,1.329528,true
711561-17,2021-11-24 02:33:12,711561,0x8cce12097def546fd808b91b1545939d99c547405c7973bc6a06b450ad5400c8,ZtbS4kZo6BjjqSPZLo9eFgy7c5q1qeR6WmNZPDtgRd8isb9,WMm43QiGvPPGbhqsVDUohKrDV6xLwAygba78qCr9QjWUwZ8,0.332718,true
711561-18,2021-11-24 02:33:12,711561,0xff5f41ac8270fcd3c01e2893152e9f04cfda257465289efa29a20208c0085e7c,ZtbS4kZo6BjjqSPZLo9eFgy7c5q1qeR6WmNZPDtgRd8isb9,WMoZwHQHukE6KCeGaQDnqR95xT7jdzeBiEZ5i7GiBa8TZcg,0.499076,true
711561-19,2021-11-24 02:33:12,711561,0xc7ad7be2efbf7f22630371127fb7d067cdbb760927df57fa4b038b5ec4b60b29,ZtbS4kZo6BjjqSPZLo9eFgy7c5q1qeR6WmNZPDtgRd8isb9,WN9dcaPQQ8xSWeGCv6rQA8ToEMaCmARnq5TnT5FiGoyZmTN,1.385751,true
711561-20,2021-11-24 02:33:12,711561,0x802bf564819971a0d847b369541c96535b7a04c7968a36fef73395671b624cf2,ZtbS4kZo6BjjqSPZLo9eFgy7c5q1qeR6WmNZPDtgRd8isb9,WPDRwyMdzZrroQPni3bZfqzTzeJPZyc85Ba8pR8M17uERpM,3.493534,true
711561-21,2021-11-24 02:33:12,711561,0x8bec363fd0e86e34f47b62b69763fa56fd013725cca9b4fa6f54e907257b797a,ZtbS4kZo6BjjqSPZLo9eFgy7c5q1qeR6WmNZPDtgRd8isb9,WPbzGAYUDjJaAQkec6w7AerV1MSS8NnBPu2ZUcFGqAaUDPg,5.12385,true
711561-22,2021-11-24 02:33:12,711561,0x388078b7fc86b19903f6e832adf7c354848ad21315e4170fe54702e56b9d3a74,ZtbS4kZo6BjjqSPZLo9eFgy7c5q1qeR6WmNZPDtgRd8isb9,WQB2GD8eWypMnMqexJTWaSfCXtMKgMsojGKSrYY9t2p3xhV,0.339607,true
711561-23,2021-11-24 02:33:12,711561,0x192fa67ff94794810fb9a33c75909e8a21ed1944324cb263efb2fa833c2ea023,ZtbS4kZo6BjjqSPZLo9eFgy7c5q1qeR6WmNZPDtgRd8isb9,WQLm9dpqJxSXymBr4BsZyDRbPTujkNKu6iV52eDB3qe2kze,0.422551,true
711561-24,2021-11-24 02:33:12,711561,0x261b0ad96028cd362e7ec20f2c74b2151dee7e32e02d5c0fd1e9e20b9f0d4385,ZtbS4kZo6BjjqSPZLo9eFgy7c5q1qeR6WmNZPDtgRd8isb9,WQPyZTiumckksQpndzXBzjqo9HRxkLiZo1KQPe76fA8nLBw,1.264327,true
711561-25,2021-11-24 02:33:12,711561,0xe888b0aaefdcff035d689877b683d4c75e5e27b9c77ea4f46b9175abd2121f82,ZtbS4kZo6BjjqSPZLo9eFgy7c5q1qeR6WmNZPDtgRd8isb9,WSJZcyTQ2w4XbuTc3aAzWTM12718cgoET8TZvCLh9mtX2jT,0.505801,true
711561-26,2021-11-24 02:33:12,711561,0x292ac13556e4e61eb9f1db0ff3f057b38f06fe62d0e37d748174ecec82114bdf,ZtbS4kZo6BjjqSPZLo9eFgy7c5q1qeR6WmNZPDtgRd8isb9,WSN4QUVEQtWBeMdJ6Jp2qDxswLbJt9SNXhAccPnbsL8ddrz,0.399261,true
711561-27,2021-11-24 02:33:12,711561,0x8d228af6b2cb176044a7032af1147ddd8d8ef911e1f5b78c638e724046a38ae8,ZtbS4kZo6BjjqSPZLo9eFgy7c5q1qeR6WmNZPDtgRd8isb9,WShtUms4inUmU3jzH6SXhqnJBXDAfFEzZiLRNoe3uKjMBLN,0.825134,true
711561-28,2021-11-24 02:33:12,711561,0x2dacd66f20b6b7d3eefa253c8d540f0bb90cc721f142c8e6763d83ea55df4948,ZtbS4kZo6BjjqSPZLo9eFgy7c5q1qeR6WmNZPDtgRd8isb9,WSm2soWuDTL2QJFTGRAW9pLA5fD837ETm6D1sFdyRP1aD4U,0.332718,true
711561-29,2021-11-24 02:33:12,711561,0xaab87d85f90a17e148d581f215dfeaa79dcc9fa26a2e8c9f290b270c902edf84,ZtbS4kZo6BjjqSPZLo9eFgy7c5q1qeR6WmNZPDtgRd8isb9,WSq6T1fNAmsnSAk75ktEkcuXFPpQqSc9SWUpzwhSHTssBuy,27.921745,true
711561-30,2021-11-24 02:33:12,711561,0xdfa8e142ddddab182cea1df504fb8cbeeebd2c49611b44283bb765488a1c53e3,ZtbS4kZo6BjjqSPZLo9eFgy7c5q1qeR6WmNZPDtgRd8isb9,WTRPdZiohJhTefZ7pMfbgJxmZARcBKRXofJq1PjTjAB6oDS,4.890258,true
711561-31,2021-11-24 02:33:12,711561,0xc20b1d64c4c1103b3d857e250bc6f433cd80fc10ebda2dddb57b02c383a53434,ZtbS4kZo6BjjqSPZLo9eFgy7c5q1qeR6WmNZPDtgRd8isb9,WV3m497uYnknvLq4qyJbvWX2bcBr71qdhyj9gc7cAGsS3BF,0.332718,true
711561-32,2021-11-24 02:33:12,711561,0x1427cb7438648c4f4eb478f3ab474b7db8a84bea04038daae115632680f9d887,ZtbS4kZo6BjjqSPZLo9eFgy7c5q1qeR6WmNZPDtgRd8isb9,WVQ1jvF6KxB3Cte6LcjHwkXZhkVEAtyYaZu1SiYUxptBotr,8.354537,true
711561-33,2021-11-24 02:33:12,711561,0x8ad9c74c07d6e8b1a0afbd9377bef31ea537bc0bbd363d30f9333c542196af90,ZtbS4kZo6BjjqSPZLo9eFgy7c5q1qeR6WmNZPDtgRd8isb9,WVTVhQ8CLEaE3MiKNPqtPm11vNFW4Et4dt7QN3MoyewFZVW,0.332718,true
711561-34,2021-11-24 02:33:12,711561,0x328fd94c1bc8b744eb64939f88d1835231841679a88f774a06102fdb38636789,ZtbS4kZo6BjjqSPZLo9eFgy7c5q1qeR6WmNZPDtgRd8isb9,WVVkWjcdMbdv1FEQBfCsbrhsJhcsTNGBoJjJpLbjS5U2PhK,0.947961,true
711561-35,2021-11-24 02:33:12,711561,0x82551ff718ddf1b095adcebb70d761f21f32ca7fefbf8923d94508f12ff763ef,ZtbS4kZo6BjjqSPZLo9eFgy7c5q1qeR6WmNZPDtgRd8isb9,WVkbVUmT7KWtKpN8TsxqU9XC17HL6Mo7m1vcGfVC51fPErz,1.445541,true
711561-36,2021-11-24 02:33:12,711561,0xd15fd355e21c34bb56fa2fe9967002652d3f8d4ef6b6d812235cf9b07c7bdd8c,ZtbS4kZo6BjjqSPZLo9eFgy7c5q1qeR6WmNZPDtgRd8isb9,WVm9Mub8v5WoyYw7tAGAvoWZxUxTdqzFAUpRX4XZcEXfv4u,6.654351,true
711561-37,2021-11-24 02:33:12,711561,0x75658d093fe487a445d3e068da8b3d881b5c000e7bc51228f7b0401857f1e23c,ZtbS4kZo6BjjqSPZLo9eFgy7c5q1qeR6WmNZPDtgRd8isb9,WWAyoLEMjboFWT2CPkPvL3Ep11qNJJGN9zUbLhGP5SSMirQ,0.481936,true
711561-38,2021-11-24 02:33:12,711561,0xfc26b8af85d9cd730c43d419ea8361ac98d0a5cbbafd33ac490f11bc86f703f7,ZtbS4kZo6BjjqSPZLo9eFgy7c5q1qeR6WmNZPDtgRd8isb9,WbB2BcGDYrJ8dBY3eVxfpNMwSnp42vAQAqDAUGF98TG8Usx,6.947142,true
711561-39,2021-11-24 02:33:12,711561,0x2e1cf911975ba2dea964fb3ea328b478b43f298b79e79c695ef560611d91378a,ZtbS4kZo6BjjqSPZLo9eFgy7c5q1qeR6WmNZPDtgRd8isb9,WdkaTybMANYc3nk7jG4FPYob22gdHC6Xbtr1fznixKVggsj,1.693532,true
711561-40,2021-11-24 02:33:12,711561,0x91250a64218693adb50a8d65151677e3a97ea170726b5ec508874fd2e56eb354,ZtbS4kZo6BjjqSPZLo9eFgy7c5q1qeR6WmNZPDtgRd8isb9,WfzXuzuPek6tF7mhFwronAjppYkFGJE5Kq2pgTPvCtxy2s5,0.332718,true
711561-41,2021-11-24 02:33:12,711561,0xaa8bbc2db553bc165f60a7f32a7a615b06a04223393577a450e13ca5d7d70ada,ZtbS4kZo6BjjqSPZLo9eFgy7c5q1qeR6WmNZPDtgRd8isb9,Wg5GZv2F2A4V6CPSmZXEnjueZqytk2CupctQSFwTazKMdHn,0.850882,true
711561-42,2021-11-24 02:33:12,711561,0x028fcea7a9c3b5990e1b74f432fb9fe6541ff3f7a37330d20033cd4977de4db5,ZtbS4kZo6BjjqSPZLo9eFgy7c5q1qeR6WmNZPDtgRd8isb9,Wi3TW1tnzvsCx7ZGEcdV1YRnEMACBYQV5Mckb4nMgYQ7JMT,1.663588,true
711561-43,2021-11-24 02:33:12,711561,0xfe24e5ffde249bcbfa2aff15bed603d0862d2a4916970971e0fa48e71ff62f2a,ZtbS4kZo6BjjqSPZLo9eFgy7c5q1qeR6WmNZPDtgRd8isb9,WiKTG93n71bjpxhSQg6yCqaETvzVSEbeXRx5AkraXBTky4N,0.332718,true
711561-2,2021-11-24 02:33:12,711561,0x9d9eb3930c76bc68c1fdec43fbd3df486053cd5e74433e641d90a28e2b6b901e,ZtbS4kZo6BjjqSPZLo9eFgy7c5q1qeR6WmNZPDtgRd8isb9,WFpJ7fbhiZQRBUR7RkskmhoPBw25yvcMXGiZAyej8CUXigt,0.748614,true
711561-3,2021-11-24 02:33:12,711561,0x13dd8fc25365f44d03644ac2f943d5f9630747ec9a5e01f382af877037b6f478,ZtbS4kZo6BjjqSPZLo9eFgy7c5q1qeR6WmNZPDtgRd8isb9,WG6txEeRDYo1NsM33yJCZVMaDSpfRxFbxz5Xsy9VexoX6hp,113.451094,true
711561-4,2021-11-24 02:33:12,711561,0xfaffe7c6928768314f2593d0f9f9c7468cf01c0528ee0baecb6688e3cb2b23aa,ZtbS4kZo6BjjqSPZLo9eFgy7c5q1qeR6WmNZPDtgRd8isb9,WGFTDvhxuk4yVyTUJFcczqNehMc3KHJyKMetH7PqDGspCXW,0.33305,true
711561-5,2021-11-24 02:33:12,711561,0x6b98f267cf3665a71ed24258321b72490b4c5fabc80a0aef5292485e048036d6,ZtbS4kZo6BjjqSPZLo9eFgy7c5q1qeR6WmNZPDtgRd8isb9,WGQHscu9CjkWvtusUL9XFUVTKBbzUrK9E3oS3hogWZRgGij,0.332718,true
711561-6,2021-11-24 02:33:12,711561,0x419591a6e12a59e358169f8bbee324df39a7a8c0bc3ac60ce69dbfd180352135,ZtbS4kZo6BjjqSPZLo9eFgy7c5q1qeR6WmNZPDtgRd8isb9,WGZHjJUwWfRG7Lk4thA1xNSyaXZGBZrWHKUhHCzYRaYgvNd,0.998153,true
711560-2,2021-11-24 02:31:48,711560,0x0199dd78f18833985204fd6979210bcb7da97145c1c9352b54fa9f5ed1d51c41,ZtbS4kZo6BjjqSPZLo9eFgy7c5q1qeR6WmNZPDtgRd8isb9,WB3kbPm4nG1RKva4hJmbcXH2vzWZ75ENUqmyTEk2YtajJRH,3.327175,true
711560-3,2021-11-24 02:31:48,711560,0x7812f73a3fbde16dbcac78e94220879453d7edb979fefd6800badd2625940392,ZtbS4kZo6BjjqSPZLo9eFgy7c5q1qeR6WmNZPDtgRd8isb9,WBhPRFGp4kz3qUeLvwffk7TJDQLTTfXT2JVFeAGYZzQhJyi,0.332718,true
711560-4,2021-11-24 02:31:48,711560,0x4517d70af72b7fae9212dfb7ced0873f7d1738c3f579febda5c3b280265dcb69,ZtbS4kZo6BjjqSPZLo9eFgy7c5q1qeR6WmNZPDtgRd8isb9,WBiBPn6HoRoNRqPXuXDQoxTtTaxnGQdqH8sPC2ifmQBjRQK,0.532681,true
711560-5,2021-11-24 02:31:48,711560,0x71408058b7bd3ffa7d8f3a26833ade6ca71792445bc2b68fd154fa2991e6b5d5,ZtbS4kZo6BjjqSPZLo9eFgy7c5q1qeR6WmNZPDtgRd8isb9,WDWFeA9rfqH9D1NaxLBpzzAnYycQZLAjsqckUadjHtwD3m5,46.656074,true
711560-6,2021-11-24 02:31:48,711560,0xc691c23d9272ac57b36c0882c378e9fc3aace1e24f312904991bcba9f1067fa9,ZtbS4kZo6BjjqSPZLo9eFgy7c5q1qeR6WmNZPDtgRd8isb9,WFhJqdnF69SUzBU8BqJLPtxqpDY3HsAne1KEdLpdAhGtnjx,0.332718,true